text,label,google,our model,our=google,our currect
個就是掉落人孔蓋裡。,0,0,0,1,1
辦公室跟國家隊成立數量和速度,0,1,0,0,1
原來也有養國外的網軍,0,0,0,1,1
真的好衰?絕命終結站?..,0,0,0,1,1
笑死，有夠噁心的党,0,0,0,1,1
新北不意外 侯議員繼續跳針安居樂業,0,0,0,1,1
老師傅又調皮了,0,0,0,1,1
難怪工人被人瞧不起 一堆智能不足的都能做,0,0,0,1,1
一些噁心的媒體,0,0,0,1,1
噓自由，垃圾糞報,0,0,0,1,1
根本就一群求偶焦慮無能男上街怨天尤人,0,0,0,1,1
綠共,0,0,0,1,1
厲害了 我的黨,0,1,0,0,1
黑道權貴詐騙集團越來越開心 外役監,0,0,0,1,1
又是党媒一條龍,0,0,0,1,1
詐騙 浮屍 光電百分比 物價,0,0,0,1,1
股市 房市,0,0,0,1,1
幹你媽 民進黨無恥之事又一件 台灣之恥,0,0,0,1,1
猴猴出歹事,0,0,0,1,1
太可怕了?但騎樓被堵住只能走人行道,0,0,0,1,1
台灣工安...,0,0,0,1,1
詐騙。房價,0,0,0,1,1
17樓掉落的冷氣機?,0,0,0,1,1
江湖了，不愧是選舉大黨,0,1,0,0,1
還以為是老舊冷氣結果是正在施工,0,0,0,1,1
人的尿性,0,0,0,1,1
推文有影片 好可憐 那邊還很多人在等公車,0,0,0,1,1
呢？可能又震怒一下然後草草結束,0,0,0,1,1
法官會不會說行人應注意未注意而不注意？,0,0,0,1,1
只要沾上不尊重女性、性騷、仇女 就會毀掉,0,0,0,1,1
林義雄、反核仔給我出來下跪道歉 賠償台,0,0,0,1,1
不就黨媒 有什麼奇怪,0,0,0,1,1
H,0,0,0,1,1
台灣公安地獄,0,0,0,1,1
詐騙集團民進黨,0,0,0,1,1
網軍 詐騙 外役監 黑道 綠媒蟑螂,0,0,0,1,1
高調!國民黨不好媒體不會好!!,0,0,0,1,1
徵信社去那邊搜集？在起訴一次？二次傷,0,0,0,1,1
幹你娘我不要出門了幹,0,0,0,1,1
都市長官派就好,0,1,0,0,1
阻止人類增殖的能力進步很多,0,0,0,1,1
但他有說錯嗎????,0,0,0,1,1
造謠抹黑一條龍,0,0,0,1,1
只要是外國人的臉，都算是外國記者,1,0,0,1,0
笑死 民進党很會,0,1,0,0,1
不講還以為是中國的新聞呢,0,0,0,1,1
台灣工安 嘻嘻,0,1,1,1,0
不敢走在路上惹QQ,0,0,0,1,1
噁心 什麼都要演,0,0,0,1,1
功德賴：呼叫三粒冥士，開始抹黑帶風向,0,0,0,1,1
一條龍又來了 噁爆,0,0,0,1,1
好可怕，祝平安康復,1,0,1,0,1
網軍蓬勃發展，榮登新創產業榜首,0,1,1,1,0
又一個綠斗仔,0,0,0,1,1
關鍵字：工人總是愛說我以為?,0,0,0,1,1
網軍,0,0,0,1,1
若是舊大樓很多是隨便亂裝，也沒有安全,0,0,0,1,1
詐騙集團更爽了,0,0,0,1,1
果然不是性 就是lie的垃圾黨,0,0,0,1,1
真的好扯??,0,0,0,1,1
台灣的老舊大樓外牆盆栽招牌冷氣都很危,0,0,0,1,1
賴導表示,0,0,0,1,1
走哪邊都不是,0,0,0,1,1
三小,0,0,0,1,1
笑死，台灣真的好危險,0,0,0,1,1
哥布林綠媒一條龍產業,0,0,0,1,1
說個笑話台灣公安,0,0,0,1,1
罄竹難書,0,0,0,1,1
一條龍服務 夠綠共,0,1,1,1,0
出門看是要挑戰交通意外還是工安,0,0,0,1,1
資產漲幅,0,1,0,0,1
政治迫害,0,0,0,1,1
"側翼,網軍,哥布林",0,0,0,1,1
真的笑死，大小姐錢瞻計畫讓人民最有感的,0,1,0,0,1
這太誇張了...這樣大家走在路上能安心嗎,0,0,0,1,1
嘿啊,0,1,1,1,0
連外國記者都可以set,0,1,0,0,1
老師傅：以前都沒掉阿,0,0,0,1,1
安？教育？還是「高科技」？還是去考察怎麼,0,1,0,0,1
一定是詐騙 尤其是民進黨,0,0,0,1,1
條龍，真的是台灣民主自由的毒瘤耶幹,0,0,0,1,1
百公斤重 天啊 rip,0,0,0,1,1
良知外漏？,0,0,0,1,1
詐騙  薪水,0,0,0,1,1
這麼智障怎麼不連人一起跳下去啊 浪費生命,0,0,0,1,1
叫蔡母豬先出來跪下道歉,0,0,0,1,1
教改廣設大學的 可以順便嗎,0,1,0,0,1
一樣沒救 是非不分的史克魯爾人,0,0,0,1,1
就說民進黨非常會守護台灣了,0,1,0,0,1
反正效果已經有了 呆丸郎不意外,0,1,1,1,0
再繼續僥倖隨便啊!!!人命怎麼賠？,0,0,0,1,1
TVBS有現場照片,1,1,0,0,0
最好,0,1,1,1,0
等公車也可以天降橫禍,0,0,0,1,1
乾 到底能不能出門,0,0,0,1,1
就算運氣好沒直接砸到人 掉在地上炸裂的,0,0,0,1,1
美國專門培養各地暴力 極端組織 然後再扶,0,0,0,1,1
外國加工出口區,0,0,0,1,1
姐姐就在旁邊目睹一切?,0,0,0,1,1
詐騙 房價 物價,0,0,0,1,1
一條龍產業,0,1,0,0,1
原來民進党是柯文哲養的寵物 難怪這麼,0,0,0,1,1
台灣做工的就一群不守法的低端啊,0,0,0,1,1
這三小,0,1,0,0,1
台灣工安,0,0,0,1,1
房價物價啊，一百元買不到一個雞腿便當,0,0,0,1,1
哭了?,0,0,0,1,1
男性在台灣是沒有爭辯的餘地 男生錯就是錯,0,0,0,1,1
NCC表示非造謠,0,0,0,1,1
詐騙啊，國家級詐騙團隊,0,0,0,1,1
一條龍失敗,0,0,0,1,1
台灣人命不值錢啦,0,0,0,1,1
殺人罪了吧,0,0,0,1,1
自產自銷怎麼了嗎,0,0,0,1,1
機？還是說要換機時支架爛了撐不住掉下,0,0,0,1,1
小菸：冷氣不錯,0,1,1,1,0
不要質疑817的智商好嗎,0,1,0,0,1
真的懂玩,0,1,1,1,0
把新聞當成ptt再玩欸，看風向刪文,0,0,0,1,1
詐騙、房價、EE園區,0,0,0,1,1
詐騙 黑道 司法不公 物價,0,0,0,1,1
一定是因為沒有搞好社會安全網,0,0,0,1,1
原來是EE養的,0,0,0,1,1
加工出口區 這比喻笑死,0,0,0,1,1
ncc印象只有人去爬山生火,0,0,0,1,1
從陳瑋豐到現在玩不膩?,0,1,0,0,1
黨霉哪個沒拿過黨的錢？歪國人就不准拿,0,0,0,1,1
三立記者：新聞自由！！！咦??,0,0,0,1,1
勢力在抹黑帶風向,0,0,0,1,1
八卦版又翻車囉,0,0,0,1,1
唉 有時我都分不清楚我是在中國還是台灣,0,0,0,1,1
產業一條龍,1,1,1,1,1
從昨天開始一直冒出來,1,0,0,1,0
#Metoo,0,0,1,0,0
一條龍,1,1,0,0,0
什麼改善,0,0,0,1,1
了是不是,0,0,0,1,1
詐騙行業和黨黑說成白的技巧,0,0,0,1,1
好衰喔??幹  R.I.P.,0,0,0,1,1
錢真是萬能??,0,1,0,0,1
冷氣不錯,0,1,1,1,0
現在我印象有日籍也有美籍洋將吧,1,1,0,0,0
真的太扯了,0,0,0,1,1
好可憐?,0,0,0,1,1
老處女母豬被台大破處,0,0,0,1,1
打錯字。工安,0,0,0,1,1
外國人記者啦 別吵XD,0,1,0,0,1
衰小,0,0,0,1,1
怎麼又是自己人？！,0,0,0,1,1
DPP超有國際觀的 2024非DPP不選！,0,1,0,0,1
死塔綠班哥布林  垃圾一條龍,0,0,0,1,1
笑死 塔綠班怎麼又被抓包,0,0,0,1,1
為什麼道歉 人家信仰反核錯了嗎 #,0,0,0,1,1
17樓 馬的 這重力加速度也太誇張了,0,0,0,1,1
先猜勞檢處晚點會出來作秀開罰,0,0,0,1,1
詐騙之光,0,0,0,1,1
笑死哈哈哈哈哈哈,0,1,1,1,0
照中捷的邏輯來看，新北市政府怎麼會沒,0,0,0,1,1
果然根正苗綠,0,1,0,0,1
共產黨逐漸治理台灣,0,0,0,1,1
賴導!,0,1,0,0,1
這個也抓到了XDDDD,0,1,0,0,1
台灣工安就是個笑話,0,0,0,1,1
詐騙 從上到下 網媒出事抓阿共來擋,0,0,0,1,1
詐騙 豬仔 房價,0,0,0,1,1
完全執政一點屁用都沒有,0,0,0,1,1
黑道跟詐騙還有浮屍？,0,0,0,1,1
台灣人不止主演玩命關頭，絕命終結站也,0,1,0,0,1
樣講?,0,0,0,1,1
又一個絕命終結站 哀   R.I.P.,0,0,0,1,1
這機率...認真丟都不一定砸得到,0,0,0,1,1
市長還在選舉 沒空,0,0,0,1,1
22歲人生很多計畫才要開始就啪沒了,0,0,0,1,1
這篇怎麼沒有塔綠斑 另一篇一堆欸,0,0,0,1,1
垃圾一條龍,0,0,0,1,1
網軍又在洗貼圖,0,0,0,1,1
猴猴選總統,0,0,1,0,0
黨媒與側翼 嘻嘻,0,1,1,1,0
你以為我會意外嗎 嘻嘻,0,1,1,1,0
自己選的政府,0,0,0,1,1
詐騙天堂，政府帶頭詐騙,0,0,0,1,1
御用洋將,0,1,0,0,1
台灣裝冷氣都很克難啊 怎麼看怎麼危險,0,0,0,1,1
原來是自由啊 那沒事了 民進黨罩的,0,1,0,0,1
看來認知作戰根本是自己人嘛,0,0,0,1,1
民主進步黨-導演系-,0,0,0,1,1
知好歹，嘻嘻,0,1,1,1,0
說個笑話：台灣公安,0,0,0,1,1
塔綠班哥布林 八又翻,0,0,0,1,1
台灣工安?跟吊車掉到中捷軌道一樣,0,0,0,1,1
這就是無恥共產党的認知作戰啊,0,0,0,1,1
笑死 八卦翻車,0,0,0,1,1
垃圾政黨，手段有夠噁心,0,0,0,1,1
單位在上 都分北/中/南 但都是上好看的,0,1,1,1,0
讚喔，收錢辦事，NCC不必去查,0,1,0,0,1
自己人,1,0,0,1,0
樣。,0,0,0,1,1
200E好香,1,1,1,1,1
噁心哥布林,0,0,0,1,1
應該要修法禁止冷氣掛外牆,0,0,0,1,1
該成立工安辦公室了嗎？,0,0,0,1,1
這種事還真的會發生 天哪 希望最後沒事,0,0,0,1,1
新埔捷運站2號出口?乾 人人有機會,0,1,1,1,0
極 比當年國民黨還噁心,0,0,0,1,1
這個運作方式跟共產黨沒差別了,0,0,0,1,1
要掛外面,0,0,0,1,1
跟支那一樣欸 用黨養的外國人假裝外媒,0,0,0,1,1
我爸之前被招牌砸中肩膀就骨折了?這個,0,0,0,1,1
笑死，豬油中天,0,1,0,0,1
照片可以不要放那麼大嗎？好噁,0,0,0,1,1
幹 太誇張了,0,0,0,1,1
太神啦 自由,0,1,1,1,0
姊姊會得PTSD吧...QQ,0,0,0,1,1
哥布林的噁心程度,0,0,0,1,1
跟中國的瑞士專家一樣扯淡,0,0,0,1,1
壓力,0,0,0,1,1
詐騙 犯罪,0,0,0,1,1
日本人都叫你三立不要亂翻譯了,0,0,0,1,1
冷氣工人就不重視工安啊，之前不是好幾,0,0,0,1,1
法規方面沒有規範新北市長要加油,0,0,0,1,1
真的很靠北 以後誰敢在外面,0,0,0,1,1
少子化辦公室大成功,1,1,0,0,0
這種出口轉內銷的手法居然2023還能用?,0,0,0,1,1
施工...工安...,0,0,0,1,1
自慰報嘔嘔嘔,0,0,0,1,1
上街頭了啊，政府罔顧人命,0,0,0,1,1
塔綠班最多,0,1,0,0,1
詐騙 黑道 房價,0,0,0,1,1
一條,1,0,0,1,0
捷和藍京那一棟嗎?,0,0,0,1,1
党證的台灣價值創下歷史新高,0,1,0,0,1
柯粉翻車柯粉崩潰,0,0,0,1,1
嘻嘻 蔡導翻車,0,1,1,1,0
一條龍達成了 誰管你風向,0,1,0,0,1
党才說要檢討結果這次大選一樣照舊,0,0,0,1,1
??師傅大概心想應該是我要下去的,0,0,0,1,1
新北 沒事 發生在南部再說,0,0,0,1,1
我只知道多了一個騙子民眾黨,0,0,0,1,1
原來是黨御用的 我們這裡是中共嗎 民,0,0,0,1,1
交通死亡人數 詐騙人數,0,0,0,1,1
要不要看中時？,0,1,0,0,1
出口轉內銷，贏麻了,0,1,0,0,1
然後每個側翼都說自己是轉發就好了 垃圾,0,0,0,1,1
訂麵線系統，這個以前都沒人想過。網軍那,0,0,0,1,1
厲害了 綠共是玩真的,0,1,0,0,1
詐騙和EE園區出貨數量,0,0,0,1,1
這党造假不是一天兩天的事了,0,0,0,1,1
阿彌陀佛,0,1,1,1,0
去的,0,0,0,1,1
22歲 就這樣死的莫名奇妙,0,0,0,1,1
房價 詐騙犯 黑道 網軍,0,0,0,1,1
哥布林又在造假了,0,0,0,1,1
新聞一條龍，自產自銷阿,0,1,1,1,0
無恥,0,0,0,1,1
台北這八年來進步多少？,0,0,0,1,1
室外機直接砸落 天啊,0,0,0,1,1
哇喔 冷氣超重直接砸頭...,0,0,0,1,1
呵呵 出口轉內銷,0,1,0,0,1
ㄍ___    絕命終結站,0,0,0,1,1
啦？？？,0,0,0,1,1
隊都不知道第幾版了，更不簡單,0,0,0,1,1
熟悉的三明治最對味。,0,1,1,1,0
先進國家都不在反核了?. 愛一定不夠,0,0,0,1,1
者 黨的人才真多,0,1,0,0,1
你現在手機不是還有電，在那叫什麼,0,0,0,1,1
賴導厲害了，真會導,0,1,0,0,1
等個公車被砸死真的神扯?,0,0,0,1,1
上一篇砸死這篇命危,0,0,0,1,1
新北??,0,0,0,1,1
詐騙 非常有感,0,0,0,1,1
靠夭 等個公車就直接前往天堂路?= =,0,0,0,1,1
股市歷史破萬點6年了，很好奇樓主是外國,0,1,0,0,1
這很共產黨 沒問題啊,0,1,0,0,1
窮鬼死刁民只花得起香蕉請猴子裝機,0,0,0,1,1
詐騙案件吧 假新聞,0,0,0,1,1
詐騙手法,0,0,0,1,1
"小英,想想那邊很多洋將",1,0,1,0,1
詐騙.....,0,0,0,1,1
下面要淨空一塊空間啊,0,0,0,1,1
乾?,0,0,0,1,1
大內宣 對岸現在都會拉外國人幫忙背書說,0,0,0,1,1
然後詐騙主謀一堆不起訴逍遙法外 有罪的,0,0,0,1,1
安息吧。小女生才22歲欸。人生還沒開始,1,0,1,0,1
醫師 律師 教授 現在多加一個外國記,0,0,0,1,1
#賴導 #LIE導 #中共同路人 #詐騙DPP,0,0,0,1,1
哥布林洋將XDD,0,1,0,0,1
執政黨網軍側翼越來越猛,0,0,0,1,1
臺灣到底什麼時候才能重視工安,0,0,0,1,1
塔綠班字典裡面沒有道歉,0,0,0,1,1
記者,0,0,0,1,1
光電板 房價詐騙 物價 死亡人數 少子化,0,0,0,1,1
詐騙啊 騙39億一下子就放了 還無保釋,0,0,0,1,1
央媒 哈哈哈 早說民進黨是老共栽培的,0,0,1,0,0
此地無銀大爛黨,0,0,0,1,1
omg,0,1,0,0,1
賴清德導演 請停止自導自演,0,0,0,1,1
綠媒,0,0,0,1,1
吃案,0,0,0,1,1
根本中共才會做的事,0,0,0,1,1
雙腿骨折是像卡通那樣直接扁掉嗎,0,0,0,1,1
夭壽喔，嚇死,0,0,0,1,1
黨的賤招,0,0,0,1,1
東森的新聞寫雙腿骨折頭破了 失去生命跡,0,0,0,1,1
應該g了 直接辦後事了,0,0,0,1,1
出口轉內銷都看幾年了,0,0,0,1,1
本來就該中央控管的 全台公安都是笑話,0,0,0,1,1
難怪要把中天電視台撤照,0,0,0,1,1
讓工人在外面爬來爬去就很危險了 何況掉下,0,0,0,1,1
說話,0,0,0,1,1
自產自銷，綠媒一貫的手法,0,0,0,1,1
自產自銷一條龍 党媒正常發揮,0,1,1,1,0
民進黨果然是中國人的政黨,0,0,0,1,1
高材生就這樣沒了,0,0,0,1,1
哪個垃圾亂施工,0,0,0,1,1
一條龍 党媒死全家,0,0,0,1,1
你敢叫大小姐道歉？,0,0,0,1,1
"這些媒體真的很噁心,成天造謠",0,0,0,1,1
別比,0,1,0,0,1
女(母豬)權,0,0,0,1,1
養狗千日，用於一時,0,0,0,1,1
騎樓沒地方走吧,0,0,0,1,1
笑死，曾幾何時自由時報也爛到跟小紅,0,0,0,1,1
猴猴做歹誌,0,0,0,1,1
乾，也太衰了吧,0,0,0,1,1
哦還有房價,0,1,1,1,0
哥布靈的等級,0,0,0,1,1
置。,0,0,0,1,1
三明治綠頭殼不愧是日本人認證,0,1,1,1,0
台灣工人都這麼智障 難怪雇主都要請外勞,0,0,0,1,1
畜牲,0,0,0,1,1
是說侯現在還能回去處理市政嗎 還是已經,0,0,0,1,1
幹超可怕,0,0,0,1,1
正常發揮,0,1,0,0,1
然後就 瘋狂轉傳轉載,1,0,0,1,0
原來是自己人,0,0,0,1,1
詐騙啊！露臉拍詐騙廣告也沒事,0,0,0,1,1
五告雖,0,0,0,1,1
這些工人一直都視人命為草芥啊,0,0,0,1,1
共產黨,0,0,0,1,1
綠蛆網軍的騙術,0,0,0,1,1
這時候NCC又在睡了 呵,0,1,0,0,1
外國友人,0,0,0,1,1
以前這種都是安裝工人摔死,0,0,0,1,1
都啥鬼天氣了 前幾天還給我3點停到6點,0,0,0,1,1
些低能人民,0,0,0,1,1
我們榮升詐騙天堂啊！,0,0,0,1,1
冷氣機該不會是用手扛到外牆上裝吧,0,0,0,1,1
絕命終結站,0,0,0,1,1
施工品質 有沒有照片？公安狀況有沒有管,0,0,0,1,1
外國記者是真的啦 但跟綠共有沒有關,0,0,0,1,1
反核的現在在吹冷氣嗎？,0,0,0,1,1
商囉,0,0,0,1,1
老師傅衝三小,0,1,0,0,1
你敢質疑黨,0,0,0,1,1
詐騙阿 整個組織跟兇殘度大起飛,0,0,0,1,1
國外一條龍,0,1,0,0,1
出來踩腳踏車發電還實際一點點,0,0,0,1,1
党養的洋鬼,0,0,0,1,1
人生無常。把握當下。,0,1,0,0,1
幹你娘 台灣公安就是一堆低端都做不好,0,0,0,1,1
施工不慎笑死 這種爛藉口真好用,0,0,0,1,1
我要是家屬一定殺光那個師傅全家,0,0,0,1,1
買鳥籠當然冷氣掛外面偷空間用阿,0,0,0,1,1
歧視去遊行活動的男性！,0,0,0,1,1
下亂七八糟,0,0,0,1,1
看市長要幾天才動作 怒！！！,0,0,0,1,1
2023 厄靈亂世 離譜到家,0,0,0,1,1
你叫817萬白癡出來回答,0,0,0,1,1
中山南路樹蔭下明明就不少女生,0,0,0,1,1
很可怕 ....,0,0,0,1,1
沒用啦，報導已經流傳開了,0,0,0,1,1
沒事兒,0,1,0,0,1
新北Zzzzzzzzz,0,1,1,1,0
側翼展翅翱翔,1,1,1,1,1
翻車啦,0,0,0,1,1
市長忙選舉囉,0,0,0,1,1
涼了啦，哥布林們，可悲呀,0,0,0,1,1
加油,1,1,1,1,1
這跟對面垃圾中共黨操作媒體到底有什,0,0,0,1,1
死忠的看不懂英文啦，很好騙,0,0,0,1,1
網軍吧,0,0,0,1,1
去參加的不都太監宮女,0,0,0,1,1
還是說 男性抗議就是低劣的臭肥宅?,0,0,0,1,1
幹你娘 一個22歲的生命就這樣倒了 垃,0,0,0,1,1
又是黨媒一條龍! 咦~怎麼會說又呢?,0,0,0,1,1
聞自由,0,1,0,0,1
幹 這種應該可以避免的,0,0,0,1,1
外國記者 結果是民進黨派去的,0,0,0,1,1
同一個出口 飯店施工鷹架也很危險 離出,0,0,0,1,1
就是沒概念才會去做冷氣 還能要求啥？,0,0,0,1,1
新聞製造業,0,0,0,1,1
lie導繼續裝死 噁心,0,0,0,1,1
怕 這太扯,0,0,0,1,1
詐騙 黑道 娃娃機,0,0,0,1,1
工人：先脫產，反正工地領現就好，沒事兒,0,0,0,1,1
絕命終結站?.,0,0,0,1,1
瑋豐國際版,0,0,1,0,0
自己人一起寫假新聞，反正裁判也是自,0,0,0,1,1
看到大家的推文，讓我想到一個不那麼負面,0,1,0,0,1
這年頭垃圾越來越多了呢,0,0,0,1,1
外國記者、美國教授、美女醫生  ，党最喜,0,1,1,1,0
你他媽的...冷氣掉下來H,0,0,0,1,1
網軍的經費,0,0,0,1,1
垃圾綠共,0,0,0,1,1
公安廢到笑,0,0,0,1,1
自己選的政府怪誰？台灣工安哈,0,0,1,0,0
車可以想停哪就停哪,0,1,0,0,1
同婚，軍公教年改，限塑，加蛋15元,0,0,0,1,1
物價 狗官口袋,0,0,0,1,1
黨真心強 一堆詐騙指引,0,0,0,1,1
党產,0,0,0,1,1
党媒一條龍抹黑手法,0,0,0,1,1
霉體業，直接在影音平台、社群網站,0,0,0,1,1
不是摔人就是摔吊具、機器,0,0,0,1,1
意外總是來得特別快,0,1,0,0,1
真的有人會看新聞喔？台灣基本上有話語,0,0,0,1,1
連外國記者都可以造假？厲害了,0,1,0,0,1
操弄媒體的哥布林真噁~~~~,0,0,0,1,1
幹這三小拉,0,0,0,1,1
中央的責任比較大,0,0,0,1,1
這施工不用圍起來啊，太誇張了吧,0,0,0,1,1
太扯了吧,0,0,0,1,1
根本義和團,0,0,0,1,1
行人死亡數,0,0,0,1,1
笑死，這就是不會看風向的白目XD,0,0,0,1,1
跟某日本支報一樣,0,0,0,1,1
"看大樓的外觀,應該是有個小平台可以擺放",0,1,1,1,0
刪三小 留著讓大家笑笑啊,0,1,0,0,1
柯文哲，據說是當過國外報社編輯...還要,0,0,0,1,1
全部都很進步,0,1,1,1,0
DPP洋將真的不少，話說那位波蘭斯坦該,1,1,0,0,0
大外宣用的 結果還是拿來內戰了,0,0,0,1,1
也太可怕,0,0,0,1,1
噁爛黨做噁爛事,0,0,0,1,1
自己選的,0,1,0,0,1
管它的晚上側翼有題目攻擊政敵就好了,0,0,0,1,1
詐騙 炒房,0,0,0,1,1
好噁心,0,0,0,1,1
幹 一個年輕女學生就這樣死了,0,0,0,1,1
負債增加最多,0,0,0,1,1
齁齁齁齁。。。,0,0,1,0,0
資源在手 風向帶起來 就問怎麼輸,0,0,0,1,1
綠色宇宙多一成員：外國記者人,0,1,0,0,1
Scam,0,0,0,1,1
民主的黑道！！,0,0,0,1,1
怕被查到這些基金會是不是有拿政府錢吼,0,0,0,1,1
台積電市佔變世界第一,0,1,0,0,1
考,0,0,0,1,1
厲害了，我的黨,0,1,0,0,1
真的慘，對方能賠個幾十萬了不起，關個,0,0,0,1,1
進黨執政才8年一直害我有錯覺,0,0,0,1,1
這種人應該死刑,0,0,0,1,1
下輩子不要住新北囉,0,0,0,1,1
大樓裝空調空間不友善,0,0,0,1,1
黨管網路 不要太不滿,0,0,0,1,1
警察打人,0,0,0,1,1
8800億花在哪裡這不就出來了,0,0,0,1,1
這救回來也 想到就難過,0,0,0,1,1
體育,1,1,0,0,0
怎麼又是新北 工安沒人監督嗎,0,0,0,1,1
老師傅沒照工安走吧,0,0,0,1,1
重傷急救中 上一篇寫遭砸死？,0,0,0,1,1
怎麼沒有血,0,0,0,1,1
?可怕,0,0,0,1,1
表演,0,0,0,1,1
幫QQ了 台灣工安到底..,0,0,0,1,1
@@太絕命終結站了吧,0,0,0,1,1
太恐怖了吧,0,0,0,1,1
都是吱己人,0,0,0,1,1
經濟20年來最好啊,1,1,1,1,1
加害人人權有非常顯著的提升,0,1,0,0,1
幹 新聞也有洋將XDD,0,1,0,0,1
會刪文是他媽家裡死人喔？？幹你娘垃圾,0,0,0,1,1
媒體造謠力,0,0,0,1,1
人均2萬1變3萬2超車南韓,0,1,0,0,1
詐騙、房價、網軍及政客臉皮厚度,0,0,0,1,1
17樓..,0,0,0,1,1
大內宣一條龍 可以下架三明治了沒,0,0,0,1,1
哥布林日常，卑鄙下賤,0,0,0,1,1
祖國完全統一 中華民族偉大復興,0,1,1,1,0
詐騙到現金買房都沒人覺得異常,0,0,0,1,1
沖天炮,0,1,0,0,1
本於務實的態度 現在還是先去預習党史,0,1,1,1,0
不必去查,0,0,0,1,1
菜陰魂執政下的台灣什麼怪事都有,0,0,0,1,1
行人地獄等公車都會被砸死,0,0,0,1,1
假日本人..假加拿大人..還有啥?,0,0,0,1,1
台灣一條龍！,0,1,0,0,1
象,0,0,0,1,1
市長沒空你們要自立自強,0,0,0,1,1
跟開什麼辦公室根本無關 是本來辦的就比,0,0,0,1,1
詐騙 博弈 網軍,0,0,0,1,1
行人除了記錄器外還要加一個小心高樓冷氣,0,1,0,0,1
幹有夠恐怖,0,0,0,1,1
大內宣 和共產黨一樣欸,0,0,0,1,1
外國人也愛新台幣，嘻嘻,0,1,1,1,0
最驕傲的政績 超前部署 台灣不缺電 國,0,1,1,1,0
斷交國吧,0,0,0,1,1
原來民進黨連側翼都有洋屌,0,0,0,1,1
權的 只剩黨媒了不是嗎,0,0,0,1,1
仇女柯粉,0,0,0,1,1
詐騙 虐殺,0,0,0,1,1
詐騙到名聞國際，不簡單；打詐國家,0,0,0,1,1
為什麼要刪？？ 一條龍新聞有差嗎 嘻嘻,0,0,1,0,0
這次不是工人掉下來,0,0,0,1,1
砸還砸到頭很難救了......,0,0,0,1,1
罪犯的人權,0,0,0,1,1
樓上笑死 遙遠東方一條龍,0,1,0,0,1
厲害厲害，自產自銷的綠新聞產業一條龍,0,1,1,1,0
靠 這衰到爛,0,0,0,1,1
原來又是一個瑋豐+楊敏,0,1,0,0,1
八又翻 綠蛆高潮噴汁,0,0,0,1,1
幹話,0,0,0,1,1
不意外 老手段了,0,0,0,1,1
市長應馬上停止所有選務工作，執行調查,0,0,0,1,1
不是高雄 那沒事了?請繼續檢討高雄,0,0,0,1,1
樓下專長是啥,0,0,0,1,1
詐騙國家隊,0,0,0,1,1
綠能你不能,0,0,0,1,1
死全家 幹,0,0,0,1,1
繼續炒房 房子越蓋越高 公共空間越來越,0,0,0,1,1
明顯過失還要一審二審慢慢玩，幹,0,0,0,1,1
賴導,0,0,0,1,1
娼妓,0,0,0,1,1
共產黨 都是靠 宣傳 不奇怪,0,0,0,1,1
出口轉內銷我真的笑到歪腰,0,1,0,0,1
造假造到外國去喔,0,0,0,1,1
而且通常還沒錢賠人家家屬...,0,0,0,1,1
詐,0,0,0,1,1
我願意捐錢 盡點心力。,0,1,1,1,0
超貸？,0,0,0,1,1
DPP不是最愛用這招嗎  律師  美女醫  都不敢,0,0,0,1,1
絕命終結站..,0,0,0,1,1
詐騙，超級明顯,0,0,0,1,1
身為一個媒體 評論公民運動竟然是評論性,0,0,0,1,1
民進黨要倒，台灣才會好,0,0,0,1,1
中共為什麼可以洗腦這麼多人 看民進黨,0,0,0,1,1
史紀錄了，再來就是跳電比較多次,0,0,0,1,1
一套，人數有漲進，但技術沒有。,0,0,0,1,1
以後在再教育營裡面用的到,0,1,0,0,1
蔡英文下跪再叫我,0,0,0,1,1
噁心,0,0,0,1,1
隨便一個磁磚下來就掰了 這個還是冷氣機,0,0,0,1,1
市長呢？,0,0,0,1,1
自由 呵呵,0,1,1,1,0
用新聞散播謠言不會被處罰 這就是台灣,0,0,0,1,1
什麼時候可以清掉三民自 這些垃圾媒體,0,0,0,1,1
綠共真的不是叫假的！搞不好還更厲害,0,1,0,0,1
扯市長是腦袋? 全台灣工安都是這德性,0,1,0,0,1
被消失的外國記者？,0,0,0,1,1
817萬選票台灣選舉史上最高票的笑話,0,0,0,1,1
民進黨,1,0,0,1,0
原來吸黨的奶水啊，難怪,0,0,0,1,1
這次不找屎板冥夫了嗎,0,0,0,1,1
台灣公安,0,0,0,1,1
NCC還在睡？,0,0,0,1,1
三民自不意外呀,0,1,0,0,1
原來啊,0,1,0,0,1
重罰兩萬謝謝指教,0,0,0,1,1
房價早就一直漲了，這七年詐騙變多超有感,0,0,0,1,1
台灣建物真的有必要好好重新設計一次,0,0,0,1,1
詐騙、黑道、網軍、me too,0,0,0,1,1
工人讓人看不起就是這樣 把人命當啥,0,0,0,1,1
詐騙跟黑道吧，這兩個從事人員都增加了,0,0,0,1,1
以上 只會吹冷氣嘴砲不去遊行的白色青年,0,0,0,1,1
蔡導,0,1,0,0,1
你看過共黨道歉過嗎? 做白日夢呢,0,0,0,1,1
17樓 有夠可怕,0,0,0,1,1
817選的，自己選的,0,1,0,0,1
民進黨為了洗台灣人 真的無所不用其,0,0,0,1,1
詐騙  司法改革？改你媽個b,0,0,0,1,1
詐騙 浮屍 炒房,0,0,0,1,1
媒體的造謠能力,0,0,0,1,1
推文拿來做政治消費的 真的很垃圾,0,0,0,1,1
幹 人家女兒白白送死QQ重力加速度不知道幾,0,0,0,1,1
少子化,0,0,0,1,1
台灣工安跟交通安全一樣 都是垃圾,0,0,0,1,1
詐騙 哥布林的財產 欸?好像是同一個,0,0,0,1,1
這種文發不膩欸，你們都一樣的套路,0,0,0,1,1
灣損失,0,0,0,1,1
死的好冤 被垃圾鬼島公安害死,0,0,0,1,1
的完全執政，台灣有希望,0,1,0,0,1
很多,0,1,1,1,0
柯p不用負責嗎！！,0,0,0,1,1
民進黨真噁心,0,0,0,1,1
股市啊 沒買也怪不得別人惹,0,0,0,1,1
詐騙多樣性,0,0,0,1,1
究竟，八會翻幾次呢?,0,0,0,1,1
請母豬先道歉,0,0,0,1,1
工安不一定是工人的鍋啊，也要看工安法,0,0,0,1,1
哥布林們,0,0,0,1,1
台灣公安真的是笑話,0,0,0,1,1
詐騙犯,0,0,0,1,1
綠共夠噁心,0,0,0,1,1
誰分的清楚民進黨跟共產黨有啥差別XDDD,0,0,0,1,1
幫QQ，一堆垃圾工人，台灣工安？笑死,0,0,0,1,1
認真：台灣國際地位跟知名度,0,1,1,1,0
黨政軍退出媒體，讓民進黨進來,0,0,0,1,1
那邊等車 結果房子那一側比較靠外 砸死人,0,0,0,1,1
犯罪者人權,0,0,0,1,1
這顆外國月亮不夠圓嗎？顆顆,0,0,0,1,1
到底是台灣還是印度啊？交通地獄+工安地,0,0,0,1,1
等公車也有事 這?,0,0,0,1,1
八又翻 柯粉氣,0,1,0,0,1
對岸媒體每次唬爛一律以‘外媒：’ 開頭,0,0,0,1,1
數位發展部拿了幾百億不用做事？,0,0,0,1,1
出口轉內銷,0,0,0,1,1
雙腳骨折就是從頭砸下來，怎?救,0,0,0,1,1
沒事，菸皇最愛吹冷氣,0,1,0,0,1
垃圾，他媽的垃圾,0,0,0,1,1
之前有看到類似的文,0,0,0,1,1
詐騙 黑道,0,0,0,1,1
尾豐打球囉,0,1,1,1,0
[email?protected]  找最頂的性平單位,0,1,1,1,0
風電,0,1,0,0,1
這水準不意外，垃圾綠共,0,0,0,1,1
猴猴坐歹事,0,0,0,1,1
帶塞英：冷氣還不錯,0,1,1,1,0
就是法律罰不夠重啊，跟酒駕不是一樣意思,0,0,0,1,1
不下車,0,0,0,1,1
民進党,0,0,0,1,1
的那種長條狀），一般不是先打支架再裝,0,0,0,1,1
綠霉呵呵,0,1,0,0,1
幹 新北還有什麼做不出來的？,0,0,0,1,1
恐怖,0,0,0,1,1
笑死 垃圾黨,0,0,0,1,1
對不起，我當初有反過核，我腦殘,0,0,0,1,1
工安公安都是笑話,0,0,0,1,1
這些新聞大量發生，有點好笑,0,1,0,0,1
御用外國記者,0,1,0,0,1
"失敗人數又少就不用關注啊,到底在緊張什麼",0,0,0,1,1
他們會說你要先證明愛不能發電,0,0,0,1,1
這個創意超乎我的想像,0,1,1,1,0
絕命,0,0,0,1,1
黨的御用“專家”學者”國外記者” 一個人,0,0,0,1,1
三明治綠頭殼又一條龍服務了,0,1,1,1,0
負責嗎,0,0,0,1,1
天啊  RIP,1,0,0,1,0
靠北交通地獄就算了 等公車也被砸死,0,0,0,1,1
死了吧 好像是第一個路人被冷氣外機砸死的,0,0,0,1,1
猴猴出事了猴猴,0,0,0,1,1
三民字都垃圾媒體 毒害台灣,0,0,0,1,1
垃圾老師傅,0,0,0,1,1
綠共不是叫假的，媒體掌握度有夠高,0,1,0,0,1
真是垃圾工安,0,0,0,1,1
柯上來要怎麼管制綠媒  這些背後黑金,0,0,0,1,1
你要哥布林負責，你是不是誤會了什麼,0,0,0,1,1
台灣爛霉三民自,0,0,0,1,1
好了啦 人少就是事實 ，笑死,0,0,0,1,1
老婆是？？？？？,0,0,0,1,1
22歲等個公車都能天來橫禍 直接被爆頭,0,0,0,1,1
??.直接原地轉生了 台灣工安日常,0,0,0,1,1
秋2,0,1,0,0,1
太衰了吧,0,0,0,1,1
跟開計程車被飛機撞差不多幸運,0,1,0,0,1
大灑幣、詐騙、媒體控制、炒房炒地,0,0,0,1,1
果然又是党霉+党的網軍側翼死忠仔境外,0,0,0,1,1
不管啦，八又翻,0,0,0,1,1
在台灣每一天都要過絕命終結站的劇情,0,0,0,1,1
德極傷，遠超過716的傷害,0,0,0,1,1
衰,0,0,0,1,1
詐騙 房價 黨的荷包,0,0,0,1,1
兩性平權,0,1,0,0,1
真是噁心，高調,0,0,0,1,1
衰到爆炸 才22歲?,0,0,0,1,1
樓層太高 有磁磚冷氣或人掉下來 砸死人,0,0,0,1,1
自己當外國人,0,0,0,1,1
垃圾鬼島公安,0,0,0,1,1
黨政軍退出媒體 不就是性lie黨喊的?,0,0,0,1,1
出口轉內銷 民進黨很常,0,0,0,1,1
真的是綠共,0,1,0,0,1
臺灣工安就是坨屎，不是東西掉下來就,0,0,0,1,1
落後的可悲台灣工安又害死人,0,0,0,1,1
性騷 詐騙 房價 物價 少子化 電力,0,0,0,1,1
綠黴不意外,0,0,0,1,1
網軍治國,0,0,0,1,1
行人地獄都是真的,0,0,0,1,1
蔡導：下一場戲叫麥可發文 就定位,0,0,0,1,1
詐騙園區賣內臟、黑道變有錢、浮屍日常,0,0,0,1,1
喔米頭佛,0,1,1,1,0
詐騙 少子化 炒房,0,0,0,1,1
綠共及塔綠班的無恥程度,0,0,0,1,1
九萬又一接班人,0,1,0,0,1
幹垃圾公安,0,0,0,1,1
三民自真的是垃圾媒體，太誇張了?,0,0,0,1,1
垃圾政黨養的垃圾媒體,0,0,0,1,1
請賴清德下令徹查,0,0,0,1,1
協尋林義雄,0,0,0,1,1
"又新北,每天搞事",0,0,0,1,1
不會規定雙人作業相互確認,0,0,0,1,1
媒體製造業,0,0,0,1,1
垃圾工人,0,0,0,1,1
垃圾公安，鬼島就是鬼島,0,0,0,1,1
?等各類網站進行媒體需要洗腦轟炸,0,0,0,1,1
灣已經被搞成這副德性了,0,0,0,1,1
死忠仔跟著綠媒一起起舞沒關係，反正,0,0,0,1,1
絕命終結站真的?,0,0,0,1,1
詐騙 超誇張,0,0,0,1,1
八卦會繼續監督執政黨,0,0,0,1,1
市長管一下好不好,0,0,0,1,1
抹屎抹完了，裝沒事,0,0,0,1,1
上次去朋友租的公寓發現9樓的室外機只有,0,0,0,1,1
不是欸,0,0,0,1,1
根本不可能活 哎,0,0,0,1,1
幹 看了好氣 別救了吧 救活生不如死 台,0,0,0,1,1
詐騙案,0,0,0,1,1
步驟一模模一樣樣,0,0,0,1,1
超衰的,0,0,0,1,1
台灣工安，垃圾。,0,0,0,1,1
黨媒原來有羞恥心的啊,0,0,0,1,1
下架新聞是怎樣,0,0,0,1,1
詐騙 貪污 房價 官員通姦,0,0,0,1,1
房價 物價 詐騙 這三個超級有感,0,0,0,1,1
你的人了XDDDD,0,1,0,0,1
哥布林綠蟑螂啊 在社會底層吃屎死忠還,0,0,0,1,1
風向黨,0,0,0,1,1
幹你娘垃圾藍綠敗類政客幾十年來的台灣,0,0,0,1,1
幹 有夠衰小,0,0,0,1,1
媒體造謠抹黑製造業,0,0,0,1,1
尤其板橋一堆高樓層公寓,0,0,0,1,1
一定假的啊 本國人關心的都不多了 哪來外,0,0,0,1,1
腦殘的是在野的話不能當話？意思就是誰當,0,0,0,1,1
太可憐了吧QQ,0,0,0,1,1
綠共手法,0,1,0,0,1
推,1,1,0,0,0
民主進步黨進步成哥布林綠共黨,0,0,0,1,1
民進黨黨工教育方式就跟共產党一樣,0,0,0,1,1
老招了,0,0,0,1,1
好可怕,0,0,0,1,1
哪次不是這樣 反正換照也過了 爽爽洗新,0,1,0,0,1
房價、詐騙、網軍,0,0,0,1,1
詐騙 真心不變 絕對世界頂級詐騙島,0,0,0,1,1
自由時報的報導就是民主進步黨的官方說法,0,0,0,1,1
完全不意外啊 詐騙王國耶,0,0,0,1,1
?????這個名字是在裝什麼可愛,0,0,0,1,1
詐騙，網軍，黨媒，側翼,0,0,0,1,1
詐騙案跟各類犯罪以及車禍傷亡者增加速度,0,0,0,1,1
側翼的數量。,0,0,0,1,1
靠...我常常在那邊等公車欸...,0,0,0,1,1
詐騙 控制媒體 塔綠班 愚民,0,0,0,1,1
綠蟑螂啊！超多,0,1,0,0,1
台灣就是工安笑話,0,0,0,1,1
我比你早發，為什麼我發沒爆？,0,0,0,1,1
側翼見處的口袋吧,0,0,0,1,1
三粒 飯呢？,0,0,0,1,1
絕命終結站外傳鬼島,0,0,0,1,1
台灣工安真的是個笑話。,0,0,0,1,1
是工人的錯嗎,0,0,0,1,1
抗中保台,1,1,0,0,0
詐騙國家隊 詐騙辦公室 造謠抹黑一堆,0,0,0,1,1
放掉 難怪詐騙越來越猖獗,0,0,0,1,1
黑道跟詐騙，還有財團建商跟肥貓,0,0,0,1,1
綠又贏,0,1,0,0,1
Gyllenhaal 下班去行天宮過一下香收驚,0,1,0,0,1
三民治正常發揮,0,1,0,0,1
贊成啊 民進黨就爛,0,0,0,1,1
踩單車的能源大概這個樣子而已 請參考,0,1,0,0,1
造浪者裡面一句台詞：台灣人根本不在乎,0,0,0,1,1
小三比原配還唱秋,0,1,0,0,1
負債,0,0,0,1,1
這部分跟共產黨真的學習的淋漓盡致,0,1,0,0,1
賴導自演,0,1,0,0,1
听党?跟党走知党恩感党恩,0,1,1,1,0
三民自加工廠 ?,0,0,0,1,1
NCC呢？,0,0,0,1,1
垃圾黨很會,0,0,0,1,1
市長呢,0,0,1,0,0
噁爛到爆的水準，完全沒有任何價值的咖,0,0,0,1,1
房物價可以說整體經濟但詐騙真的好多,0,0,0,1,1
哥布林號角翻船囉，爽,1,1,0,0,0
這太扯了,0,0,0,1,1
真他媽鬼島 有夠扯,0,0,0,1,1
這個就算活下來也半身不遂吧?脊椎不可,0,0,0,1,1
厲害了 出口轉內銷,0,1,0,0,1
猴子出來負責啊，還敢選總統喔,0,0,0,1,1
意外嗎,0,1,0,0,1
原來是歸化,0,0,0,1,1
垃圾網軍跟詐騙,0,0,0,1,1
真的是詐騙,0,0,0,1,1
超衰,0,0,0,1,1
黨,0,0,0,1,1
記者可以出來說：我眼中的女人只有我老婆,0,0,0,1,1
國家機器動的很厲害,0,1,0,0,1
這位很有名啊,1,1,1,1,1
股市 國防工業,0,1,0,0,1
水房 斷點 金流 有人會比台灣詐騙更細嗎,0,0,0,1,1
???)凸只引述自己想要的爽8++要的,0,0,0,1,1
老師父人沒摔下來 機子滑掉了,0,0,0,1,1
人民罵政府（民進黨）的時代已經過去了,0,0,0,1,1
詐騙 物價,0,0,0,1,1
一堆,0,0,0,1,1
創黨元老不會覺得可恥嗎？,0,0,0,1,1
新北市民唯一支持侯侯，好安心,0,1,1,1,0
賴導不意外,0,1,0,0,1
學中共那套啊。培養外國支持者洗地,0,0,0,1,1
那篇新聞下面不都是一堆二分歧視法言論 上,0,0,0,1,1
真的垃圾綠媒，然後政黑ID再配合發文,0,0,0,1,1
一條龍的帶風向被抓包，對民進黨、對賴清,0,0,0,1,1
一切跟黨有關,0,0,0,1,1
不想做,0,0,0,1,1
睜眼說瞎話還說的義正嚴辭,0,0,0,1,1
老師傅自己摔死就算了 現在還害死人,0,0,0,1,1
真的狗改不了吃屎,0,0,0,1,1
國民黨執政不意外,0,0,0,1,1
司法改革啊 對犯罪者越來越好,0,1,0,0,1
股市，房價,0,0,0,1,1
完全把對岸招數拿來用，果然是一家親,0,1,0,0,1
房價 詐騙 物價（尤其食品跟蛋價）,0,0,0,1,1
臺灣老師傅還是挨個抓去驗智商吧,0,0,0,1,1
新北? 那就是中央10成對吧,0,0,0,1,1
天上除了會掉鋼筋以外也會掉冷氣機,0,0,0,1,1
又是出口轉內銷 哥布林真不愧是垃圾,0,0,0,1,1
公安那麼差 難道綠共不用負責嗎,0,0,0,1,1
詐騙AI化,0,0,0,1,1
避免砸死人 禁止高樓層裝冷氣,0,0,0,1,1
當然是慣老闆跟垃圾政客口袋的錢呀,0,0,0,1,1
重新定義各種名詞,0,0,0,1,1
國艦國造,0,1,0,0,1
完全執政，阿北負責,0,0,0,1,1
三民自新聞自由爆表值得嘉許,0,1,0,0,1
一個要重啟服貿，好棒棒,0,1,1,1,0
塔綠班只會怪藍白真他媽噁心 怎麼不,0,0,0,1,1
暖,1,1,0,0,0
詐騙 哥布林軍隊,0,0,0,1,1
肛交男能結婚,0,0,0,1,1
在捷運出口/公車站上這樣搞  想殺人嗎,0,0,0,1,1
股價 薪水,1,0,0,1,0
綠共的海外小金庫吧,0,0,0,1,1
房價物價油價電價大躍進,0,0,0,1,1
詐騙QQ,0,0,0,1,1
媽的有夠扯,0,0,0,1,1
之前跟警察聊到都說幾百個這種了,0,0,0,1,1
絕命終結?,0,0,0,1,1
整棟變凶宅,0,0,0,1,1
幹你娘咧鬼島,0,0,0,1,1
大學時學弟的機車被墜落的冷氣壓壞,0,0,0,1,1
這時代不管什麼政治人物、藝人、活動 只要,1,1,0,0,0
會不會裡面有台共潛伏呢,0,0,0,1,1
哥布林說話啊？不是都很嗆？,0,0,0,1,1
亂廢核四 可是垃圾民進党的貪腐阿扁 他,0,0,0,1,1
這些垃圾工人,0,0,0,1,1
植傀儡控制各地政權 已有性暴力行動黑道為,0,0,0,1,1
八又翻！八又翻！八又翻！^^,0,1,0,0,1
為了黨出來黑一下 值得的吧,0,1,0,0,1
不要臉產業鏈,0,0,0,1,1
國債,0,0,0,1,1
很有共產黨的風格,0,1,1,1,0
台灣的工安就是個笑話,0,0,0,1,1
自由造假不EY,0,0,0,1,1
不要臉的人變很多,0,0,0,1,1
不會判死 沒事兒,0,1,0,0,1
大樓外牆施工，下面最好放警示錐,0,0,0,1,1
國家帶頭造謠？不意外,0,0,0,1,1
以後等公車 都要戴安全帽,0,0,0,1,1
物價狂升，生活痛苦指數上升,0,0,0,1,1
不修詐騙母法與不法得利 也沒有檢舉詐騙,0,0,0,1,1
大概就兩手一攤沒錢賠 也不用坐牢 結案,0,0,0,1,1
又是一條龍，傻眼,0,0,0,1,1
通膨有感?,0,0,0,1,1
媒體造謠能力,0,0,0,1,1
房地產,0,0,0,1,1
肇事的工人  自己跳樓跳一跳啦,0,0,0,1,1
造謠一條龍 嘻嘻 熟悉的黨味,0,0,1,0,0
以後誰再說台灣不是行人地獄我就罵他！,0,0,0,1,1
早年dpp就反kmt大聯盟才那麼多派系 猜猜,0,0,0,1,1
這跟中央地方有啥關係? 你家裝冷氣要申請嗎,0,0,0,1,1
PTT白蟑螂橫行 從綠轉白爛,0,0,0,1,1
詐騙絕對是第一,0,0,0,1,1
"Damn, so young",0,0,0,1,1
誰來試算一下重力加速度,0,0,1,0,0
貪汙詐騙房價特權,0,0,0,1,1
下去就是砸到別人,0,0,0,1,1
在鬼島有千萬種不同的死法...,0,0,0,1,1
電影等級的工安笑話,0,1,0,0,1
台灣工安就是一個笑話,0,0,0,1,1
等停電再說 沒缺電道什麼歉,0,0,0,1,1
外國人來台灣工作就算外國記者喔,0,0,0,1,1
措施,0,0,0,1,1
鬼島工安，操,0,0,0,1,1
不是過馬路被車撞，就是等公車被冷氣砸,0,0,0,1,1
市長還在睡 還不下令停工?,0,0,0,1,1
人拿的不是第三世界國家中華冥國護照  嘻嘻,0,1,1,1,0
然後在那邊喊工安工安的，你是工人接到電,0,0,0,1,1
詐騙/黑道/擁槍率,0,0,0,1,1
便當價格和詐騙不用關,0,0,0,1,1
又是低端南部,0,0,0,1,1
偉豐同路人,0,0,0,1,1
既得利益分贓團體成員,0,0,0,1,1
民進黨學的真像,0,0,0,1,1
便當漲最多,0,0,0,1,1
，女生的家長拿張債權憑證 哭哭沒人理,0,0,0,1,1
台灣政府的公安笑話不是一天二天的事，,0,0,0,1,1
很厲害的詐騙集團,0,0,0,1,1
認知作戰,0,1,0,0,1
超恐怖,0,0,0,1,1
我從以前就一直在想 室外冷氣會不會,0,1,0,0,1
出口轉內銷新聞製造業,0,0,0,1,1
綠畜哥布靈党的大型智力測驗,0,0,0,1,1
房價啊,0,0,0,1,1
拍謝忘了市長忙選舉沒空管市民,0,0,0,1,1
真是當大家白癡,0,0,0,1,1
詐騙 浮屍 房價,0,0,0,1,1
花錢買寫手喔,0,0,0,1,1
裝冷氣裝到整台掉下來   你人怎麼不跳樓?,0,0,0,1,1
認真說詐騙 特別是感情詐騙 現在已經不,0,0,0,1,1
不愧是賴導,0,1,0,0,1
詐騙 網軍 黨們的口袋,0,0,0,1,1
出口就是造謠?,0,0,0,1,1
一條龍服務,0,1,1,1,0
熱的要死當然在家吹冷氣 白痴才上街曬太陽,0,0,0,1,1
綠色水準,0,1,1,1,0
當然是詐騙,0,0,0,1,1
黨產,0,0,0,1,1
永遠是某中國出生的日本人講一堆似是而,0,0,0,1,1
呵,0,1,0,0,1
...會不會太扯,0,0,0,1,1
不起房 然後在抹黑柯 超級可悲哈,0,0,0,1,1
幸浮陳屍 不必去查,0,1,0,0,1
綠色是垃圾的顏色,0,0,0,1,1
"，後市長永遠不會錯,新北市團隊全國第",0,1,0,0,1
意外嗎? 好像不意外,0,1,0,0,1
無所謂，死忠已經接收到黨的訊息,0,0,0,1,1
瑋豐已經進化成要用外國人帶風向了,0,0,0,1,1
太可怕了吧...,0,0,0,1,1
廢物母豬蔡英文,0,0,0,1,1
槍斃他們,0,0,0,1,1
光電/物價,0,0,0,1,1
NCC繼續裝死,0,0,0,1,1
幹 等公車都會死 台灣到底殺小破島,0,0,0,1,1
在台灣可以活到80歲上輩子可能做超多好,0,1,1,1,0
捷和藍鯨前的公車站 為了躲太陽都在靠捷運,0,0,0,1,1
自導自演一條龍 詐騙黨,0,0,0,1,1
党媒不意外,0,0,0,1,1
詐騙  房價  物價,0,0,0,1,1
航海王和ai 不少人賺飽了,0,1,0,0,1
新北不意外,0,0,0,1,1
扯翻,0,0,0,1,1
加速兩岸統一,0,1,0,0,1
老舊室外機 常有鐵架生鏽了 也滿恐怖的,0,0,0,1,1
基本上大太陽下在舞台搖滾區的根本是衝,0,0,0,1,1
南部？,0,0,0,1,1
垃圾台男工人又害死人了,0,0,0,1,1
曾投過民進黨又罵民進黨的全部都是智障,0,0,0,1,1
NCC:,0,0,0,1,1
如果被害人gg了，該樓層算凶宅嗎？,0,0,0,1,1
原本以為中天垃圾，原來三立是垃圾之霸,0,0,0,1,1
詐騙跟綠媒,0,0,0,1,1
台灣工安日常...人命就是這麼廉價,0,0,0,1,1
我每天都經過==太可怕,0,0,0,1,1
絕命終結站逆？,0,0,0,1,1
又造假,0,0,0,1,1
產業鏈真強,1,1,1,1,1
這不就做假新聞,0,0,0,1,1
執政的找在野的背鍋，側翼是不是腦殘？,0,0,0,1,1
三立什麼時後要向全國民眾道歉？？？只,0,0,0,1,1
黑道數量,0,0,0,1,1
群人能下台 = =,0,0,0,1,1
真行人地獄,0,0,0,1,1
詐騙員工跟騙走的錢,0,0,0,1,1
什麼假新聞，一條龍的事能算假新聞,0,0,0,1,1
笑死，總算出事了吧，台灣工安,0,0,0,1,1
翻車一條龍,0,0,0,1,1
論詐騙分工全世界沒有台灣這麼細 設斷點,0,0,0,1,1
民進黨執政這幾年，台灣工安地獄,0,0,0,1,1
一般都是裝陽台吧 這什麼鬼怎麼掉下,0,0,0,1,1
房價 豪車 棒球隊 詐騙,0,0,0,1,1
始。絕對是特殊密碼,0,0,0,1,1
笑死人的垃圾霉體,0,0,0,1,1
民進黨的老招阿，意外嗎,0,0,0,1,1
垃圾台灣工人工作還要屋主請吃喝、工安完,0,0,0,1,1
險,0,0,0,1,1
就這樣刪文綠畜哥布林精神糧食沒了怎麼,0,0,0,1,1
股票算嗎,0,0,0,1,1
民進黨支持者只想看遊行中的女生啦 色,0,0,0,1,1
綠媒哪天沒造謠潑糞才是新聞,0,0,0,1,1
可惜呆丸郎會信 呆丸郎就是這麼低能,0,0,0,1,1
改用死忠的心發電,0,0,0,1,1
？？！,0,0,0,1,1
想到冷氣從頭上掉下來,0,0,0,1,1
這很共產黨,0,0,0,1,1
台灣人的應許之地,0,1,0,0,1
台語文化產業進步最多,0,1,0,0,1
呵呵,0,1,0,0,1
綠色謠言中心,0,0,0,1,1
造謠一條龍 幹你娘垃圾人渣資進党,0,0,0,1,1
裝冷氣? 不是人掉下來就是冷氣掉下來 工安?,0,0,0,1,1
NCC管不到,0,0,0,1,1
些當初滿口罵台電的人啊,0,0,0,1,1
房價繼續噴,0,0,0,1,1
我都走騎樓，不敢走高樓旁的人行道,1,0,0,1,0
施工處下方不用圍起來?,0,0,0,1,1
新北市，侯友宜出來負責,0,0,0,1,1
真的垃圾 到底bcc也沒有監管 立場偏,0,0,0,1,1
高調,0,1,0,0,1
詐騙人數,0,0,0,1,1
國民法官：殺人罪論處？,0,0,0,1,1
無屋無車，有gogoro,0,0,0,1,1
找同鄰層一起取暖然後罵年輕人不會想不,0,0,0,1,1
你已是人生勝利組了 羨慕,1,1,1,1,1
買不起房的人覺得是炫耀文,0,0,0,1,1
