text,label,google,ckip
超級忙碌的工作真刺激[哈哈],1,1,1
很好，我很喜歡，送貨快,1,1,1
"[good]//@AD自耕農: [哈哈]好趨勢。//@李農Beijing:@AD自耕農 @鄭治 我越來越覺得我們要做的事，整個是拉動內需呀，肯定行....@隗公程_Barry 現在就看你們的啦....//@畫鬍子: WOW 難以想象!之前聽到最多的是網絡營銷部分,沒想到大選對CRM的運用到了如此地步",1,1,1
回覆@小肥King是惡魔耶:米兔[哈哈] //@小肥King是惡魔耶:[握手] 我用的是360， 你的呢？ //@海南旅遊達人阿九姑娘:[偷笑] 基本是看時間、擊敗數，然後點右上角交叉。。。,1,1,1
給老媽買來看視頻的，還不錯，挺流暢的，就是黑邊感人,1,1,1
北京歡迎您[鼓掌],1,1,1
小萌雞小萌雞！！[親親],1,1,1
很滿意的一次購物！京東商城，京東快遞都很給力！收到的貨物外包裝完好，裏面的寶貝也完好無損，特別感謝配送員趙先生！,1,1,1
我的男生朋友們，好好看看，很實用。[抱抱],1,1,1
產品經理的形象太生動了。[抱抱],1,1,1
好吧。吵一天了，我終於想起來何老師請客的典故了。是@程浩 浩哥說俺們學校的飯菜好喫引起的吧。請你們，@七妙 @年年二十五 @程浩 食堂走起[哈哈]歡迎@小柳菁兒 @東子愛拍的 @網際飛俠 @攝影師火牛 一同前來，那咱就去學校高端大氣上檔次的餐廳，海底撈大學嘛，要啥有啥[噓][哈哈]#欣愛旅行#之可愛滴人,1,1,1
現在我們每天都會與作者和出版社合作送書活動，給“多看閱讀”的讀者以更多福利！//@多看閱讀: 看謠言，猛點http://t.cn/zYS9HYJ 欲知更多謠言！轉發微博或直接購買[嘻嘻],1,1,1
1.從下單到提貨，24小時之內完成，京東的速度很讓人滿意，贊一個。 2.第一次在京東買東西，總體還滿意，但京東的提貨處工作人員的着裝有待提高。 3.機器很好用，沒任何問題到目前爲止。 4.整個安裝時間4小時，沒碰到任何問題，很意外。。。,1,1,1
我愛新片[愛你],1,1,1
蘋果包裝完好，喫起來香甜可口！,1,1,1
褲子真心不錯，一直都穿這個牌子的，質量真心好，好舒服，穿着帥氣大方，一級棒，還送小禮物呢，挺滿意的一次購物，朋友看了也很喜歡喔，我還很自豪地介紹他們來買了，相信下次還會再來的，祝店家生意興隆。,1,1,1
好喫好喫，非常好喫的一種蘋果，以後還會繼續買。。。。。。。。。,1,1,1
設計的方方正正，鍵盤很好用，是款商務本 散熱不錯，連續用5個小時，風扇也不蜂鳴。 性價比不錯，512顯存，我做flash設計沒問題。,1,1,1
三天的假期大家都紛紛回家啊。有這三天我寧願用來睡覺。。省來回的路費，省旅途的勞累。。多經濟划算啊。。[哈哈]想來其實不回家也有事情要做，閒不住了，這樣不好。。[委屈]#欣在自說自話#,1,1,1
哼！！！哈哈 哪有無數個名字啦？！都怪我瓜西西的把地址搞掉了 [嘻嘻] //@XIAOKUANXIAOKUAN:我以爲是專門給我得結果上面寫了無數個名字！ //@sameskin:哇好美 有我的嗎？我不是已經收到一張紙片的~,1,0,1
黑白藍三種色調的搭配，有你喜歡的麼？[愛你]【私享穿衣顧問微信：FashionTalent33 】,1,1,1
褲子質量真的很好，價格也很便宜，買之前我問了客服，客服推薦的也很合適，謝謝^ω^,1,1,1
這鞋子真霸氣[哈哈],1,1,1
我的維尼公主！你實在太乖了！讓你幹嘛你就幹嘛！第一次這樣仔細看你實在是太激動了！@馬_小川 [愛你],1,1,1
回覆@LeOLeElr:因爲智商[嘻嘻] //@LeOLeElr:是什麼讓他們這樣看我們。。。 //@小虎同學tiger:回覆@Lucy-燕子:二比快樂多啊，你看彎彎多快樂[哈哈]  //@Lucy-燕子:難道他們大部分人真的這麼認爲嗎？,1,1,1
我並沒有實際前往，而是幫我經理預定的。但是我經理回來對這個酒店評價還可以，和我說NO BAD，我想應該還是可以的了。,1,1,1
早起的感覺很不錯嘛[哈哈],1,1,1
這本書看上去陣容十分強大，名家著作，名家推薦粗略翻了一下，總體感覺還是缺少一些必要的信息比如對於一個作曲家，重點介紹其代表作品的同時最好也列出其全部作品目錄作爲一本普及型的入門教材自然無法要求其內容深度，但本書在廣度上似乎也有點欠缺吧不過已經比很多書好了。另外隨贈的cd是片段節選，基本沒用。,1,0,1
原來剛剛接觸杜拉拉的時候，不知道人力資源是個什麼東西，現在我以及決定考人力資源專業的研究生了，當然不只是因爲杜拉拉，而是我發現了我對人力資源的濃烈興趣。2也是一樣的好，像1一樣。講述了職場的喜怒哀樂，或者身不由己，雖然我現在還沒有步入社會。但是已是完全的社會人。世俗的想法，圓滑的做人技巧。還有身邊的人的影子，都能在杜拉拉里面找到一個類似的人,1,1,1
這個價位，物超所值了，媽媽追劇好裝備。,1,1,1
今天剛收到貨，很香。價格當然是不用說的實惠，晚上試試效果。過幾天我會再來追加評論的。希望不會讓我失望纔好。,1,1,1
1、馬來西亞吉隆坡2、臺北101高3、方大同的小小蟲//@百度旅遊: #我照你猜# 猜猜看~ 1、這是哪個城市呢？2、它和臺北101誰高？3、你最喜歡方大同哪一首歌~ 猜中有獎！[耶]老規矩~ 關注 @百度旅遊 ，轉發此微博並在明天12：00前寫下答案，全猜中的盆友就有可能獲得百度旅遊限量版明信片套裝哦！~[嘻嘻],1,1,1
畢業快樂[可愛] //@劉思雨Jerry:恭喜海音畢業，今天有幸被邀請去參加典禮，認識了不少新朋友，雖然極度困，但是還是感覺非常充實，一起加油！既然選擇前方，就註定風雨兼程！@四水歸堂攝影創意,1,1,1
還不錯。老人家用來看電視挺好。,1,1,1
口感非常非常非常好 ，京東真的值得信賴！ 強烈推薦大家購買 這纔是真正的好蘋果 ，超市買不到的。,1,1,1
[哈哈]//@katiexixi: @帥太 @楊仔and媽媽 @大可-逸而全真 @方達Fangterry @??嘉-無常-不?-?喜 @xjoliemonica @小張爺 @張丹Polonana,1,1,1
現實版地下工作者[哈哈] //@張醒生:這個真實段子精彩!//@書畫家作家陳祖芬:！！//@富敏榮律師:呵呵,1,1,1
"#搶房券#: 贏取一份5天的北京之旅房券，就趁現在[太開心]#女人節有獎轉發#贏取位於#北京王府井#的@北京國際藝苑皇冠假日酒店 #五晚住宿房券#(含早餐和網絡服務)[鼓掌]您可臨近遊覽紫禁城(故宮)皇家園林(北海、景山)更可到王府井商業步行街Shopping並品嚐北京小喫 如此誘人的獎品,還不行動 [得意地笑]",1,1,1
別扯馬蘇裏奶酪了好麼，在家樂福能買到蒙牛巧克力味早餐兒童奶酪就不錯了好麼！買到伊利煙燻味奶酪我都哭了好麼！,1,1,0
嘖嘖 //@竹林江語:春運帝國 // @空遊無依 ://  @邢其林  : [哈哈]//  @秋木葉鞦韆  : 有道理“尼瑪設計師跑中國來，定是趕上春運了！！！！”,1,1,1
有命就可以創造一切[偷笑][偷笑]您說呢 //@全球奇事趣聞:你會選什麼？[嘻嘻],1,1,1
親愛的，太愛你們了，麼麼噠[親親],1,1,1
準時，味道也好，餐盒包裝好，五星好評,1,1,1
這個味道我很喜歡，包裝不錯，是正品，親們可以放心購買。,1,1,1
回覆@日本評論:[哈哈][哈哈][哈哈] //@日本評論:@馬劍是誰 //@侯寧:誰還春困？快來提提神！[抓狂],1,1,0
回覆@鄧元釗:?老子的，啥叫都不是外人？莫非你?是我?人嗦？真所?：羞已知道你，你?不知羞。[哈哈][哈哈][哈哈] //@鄧元釗:你想給秧白表白點啥子用不作把老子拉來墊背薩，都不是外人,1,0,1
8月9日至10月13日，上海環球金融中心將在4樓展廳推出“3D趣味寫真館”，奧特曼、櫻桃小丸子、名偵探柯南這三大喜聞樂見的卡通形象將實現世界首次同臺競演。展覽的營業時間爲上午10點至晚上9點，成人票價60元，1米4以下兒童票爲30元。妙趣橫生的室內活動，同學們快MARK！[鼓掌],1,1,1
【#天天向上錄製直擊#】汪涵：觀衆就是我們的衣食父母...  錢楓：爹~媽~ 觀衆：誒......   [嘻嘻][哈哈][哈哈][哈哈],1,1,1
喜歡這個黑皮衣，mark下地址~[太開心],1,1,1
早呀！[哈哈]//@Xinjiletu2012:@kk3_kay @斯琴格日樂歌迷會 @斯琴高娃mongol @河邊河邊邊,1,1,1
#小米在美國#看看美國的城市小菜市場都賣啥？各種新鮮的食材大多按小盒或小筐賣[調皮]很像隆福寺早市搓堆兒賣東西！初秋的美國收穫季節，這景色能不心情好嗎？生活其實就是簡單的幸福[調皮]一家人一起買菜做飯，喫飯。[饞嘴]看着孩子一點點長大，自己一點點變老！！！[愛你],1,1,1
我是戰神，@男人裝 得這圖片不錯！[嘻嘻] //@張小婉Vivian:哈哈哈！！改天打個架試試……,1,1,1
"葉海花,不是絕色美女,用心用情,認真的活,認真的愛,不管不顧,只爲了自己的心,而不是其它的雜物!而云崢給了她一個女孩子能得到的最好的愛情,寬容,尊重,寵愛.沒有教育和改造,這是一份書中才有的愛情吧!",1,1,1
酒店位置好，環境可以，房間就是小了點，不過出差住在這裏是很不錯的選擇。,1,1,1
長期大量招聘廣告人才[偷笑][偷笑][親親]，工作地點北上廣，有意的私信我哈[抱抱],1,1,1
是大掌櫃的給俺準備的＂勞動節＂禮物，無限開心中... [親親],1,1,1
還真是這樣的@哥哥叫Jessica @叮?叔叔 //@鳳凰劉建東: 看來你的不夠三條//@薩博slinna: 能有其中三條我就知足[哈哈],1,1,1
"酒店不錯,已多次住過,同等價格下次還會入住.",1,1,1
"我是4月3日去的,人比較小,在前臺要特別說明纔拿到向山景方向的房間.從房間的陽臺望出去的風景真是太美了,房間的裝修開始陳舊了.早餐的種類算比較多,不錯。溫泉裏的服務也很好,溫泉池也比較乾淨.有時間的話我還會到這裏度假(一定要選在非節假日).賓館反饋2008年5月29日：酒店分爲山景與河景兩個方向，都很美麗，透過180度大陽臺，可以欣賞到外面美麗的自然風景，歡迎您下次光臨！",1,1,1
[偷樂] //@梁徵-影像-生活:[嘻嘻][嘻嘻]這個必須要轉滴，還有我的背影呢@手邊巴黎urruolan @XMAN_宗介,1,1,1
地理位置客房狀況都不錯。前臺服務需要加強，缺乏靈活性，不能從客人的角度來思考問題。沒有接觸其他的服務，可能整體的軟環境都存在較大的提升空間。,1,0,1
非常可口，油量剛剛好，美味佳餚,1,1,1
屏幕和想象中差不多大，玩遊戲，看電影很過癮,1,1,1
站在窗邊看日出[太開心]廈門早安,1,1,1
[嘻嘻]讓記憶像藍天一樣明媚！[陽光],1,1,1
尋常小餐館，鴨梨大大，擔心期望高以致失望哦，明天，您會是哪位？[嘻嘻]...,1,0,1
[呵呵]//@Incredible誠: @Olivia琬越Xi 上微博了啊 //@重慶旅遊:#帶着微博去南岸#南岸鬧市中還有很多象這樣很有情調的地方。在@鄧麗君主題音樂餐廳酒吧 聽着老歌喫着美食，還有一羣新結識的朋友。大夥兒又餓了嗎？[哈哈],1,1,1
一天中至少接觸到一件他家的產品。[哈哈] //@張?Sunny:擁有200+家公司，30000+種產品，全面包含電子，食品，服飾，家居，化妝品，地產，運輸，飛行，技校學院等等絕絕對對貨真價實的泰國銷售王國的掌門人啊,1,1,1
房間還算乾淨。環境也不錯。設施什麼的也不錯。,1,1,1
別急，漸入佳境了！[哈哈],1,1,1
表揚[鼓掌]，配杯子蛋糕咩？,1,1,1
[可愛] 很高興你喜歡我們的牌子。我們在上海@CHALKBOARD粉板童品 (10秒前) //@威少和SACHA遊記:很棒的童裝。中國元素不是簡單地拼湊進去。上海哪裏有得買？ //@tangroulou:,1,1,1
俺們魔羯很低調啊[鼓掌]@自由島馮暉 @時尚貓V@女丑女美@Cindiddy    @大眼的貓是妹妹小y //@劉芸:我和毛主席同天生日，同是湖南人 @呂一  :我們摩羯的代表人物 偉大領袖毛主席 是個名副其實的摩羯男！  @郭珍霓      @劉芸     @晨辰      @界慶     @我是臺灣攝影師大寶   摩羯狂人們請低轉,1,1,1
西西里歷史上被不同政權統治過，因此，擁有衆多不同時代的歷史文明印記。比希臘本土的希臘遺蹟更多，比土耳其的拜占庭文化更具特色。 //@傅曉虹Kelly:[鼓掌]好地。。,1,1,1
"不錯,好喫",1,1,1
經常訂他家飯很好喫，,1,1,1
到家，菲爸煮了醬油鴨，多下來的鴨油炒青菜[哈哈],1,1,1
轉運。。。[愛你],1,1,1
[鼓掌]翠竹林海,1,1,1
"[哈哈]//@李開復: 國家大劇院即興表演,影后Meryl Streep朗誦,馬友友配樂。絕妙的演出後,雙方彼此稱讚,從鞠躬、屈膝、下跪、磕頭、到徹底趴到地上！[喫驚]",1,1,1
東西好喫，包裝也仔細，送餐很快！,1,1,1
[鼓掌][鼓掌][鼓掌][奧特曼],1,1,1
這次去大理，入住這家酒店，整體感覺很好，白族姑娘服務不錯，房間也不錯呀！還算乾淨！交通也方便！！贊一個！！,1,1,1
相對其他品牌來說我更喜歡小黑，磨砂的殼，很有質感，不容易留指紋，散熱就不用說了，很ok的！預裝的VISTA個人是很喜歡，不過兼容性太差，沒轍只能換XP！,1,1,1
有郎扶郎…無郎扶牆…平安大道不不平安，郎園店裏木有郎[哈哈] //@ellieddd:又去了,1,1,1
房間很乾淨，就是有點小。服務不錯，服務員都很樂意幫忙。早餐也很棒，有很多廣式點心。就是嘉善的計程車司機太黑了，大家打車前記得跟前臺問清楚路線,1,1,1
蘋果是脆的，有點小，核相對也比較小，感覺口感還可以，比超市便宜，新鮮度差不多。,1,1,1
總體感覺還算不錯 環境也還算可以 下次有機會可能還來,1,1,1
去鄭州好幾次，都在這裏住。有一次免升，住大堂左側一層的房間。酒店很安靜，服務也好。前臺小姐雖然不漂亮但服務很到位。退房速度極快。下飛機來酒店時免費班車，退房後去機場要付費。下次來就住這裏。,1,1,1
送餐速度挺慢，蓋飯分量小，兩份估計都不夠吃，不過還是好評,1,0,0
寶貝質量不錯，款式時尚，做工精細,1,1,1
性價比高。手感好。質量不錯。和描述的一樣。,1,1,1
回覆@一路格桑花25:謝謝～你們的支持是我前進的動力[太開心] //@一路格桑花25:曉婷，我關注你已經有快十年的時間啦。從你那年上湖南電視臺汪涵和馬可主持的越策越開心開始，我就我就特喜歡你了。我是你忠實的粉絲，永遠愛你,1,1,1
我喜歡！各位們喜歡不？@一點點小林 @快樂王小秋 @李小妮 @小米表姐  //@心必女:我喜歡大董和大董的意境菜.....哈哈哈[可愛]  //@一點點小林:我也喜歡大董~~~那裏的菜餚。。   //@大董大懂:  //@古清生:俺覺得是因爲大董帥。。  //@心必女: 有深度的話。@大董大懂,1,1,1
不錯、挺滿意的、買了兩件、速遞也快,1,1,1
我的愛瘋裸了好長時間了，花紅綠柳的季節給它也搞個玫紅外套穿穿，美麼？！[太開心]@兔兔妞的店,1,1,1
看過《活着》一書，在催人淚下之餘，深感生命的脆弱和世事無常。主人公福貴雖歷經磨難，但是他從不向命運低頭，也從不抱怨生活，以頑強的姿態繼續生活，這種精神值得我們每個人來學習。正如書中所言：“人是爲了活着本身而活着，而不是爲了活着之外的任何事物所活着。”所以，不管遇到多大的災難、多少的痛苦，我們都應該選擇勇敢、堅毅、頑強的活着！因爲活着真好！,1,1,1
昕昕，房姐姐說沒問題哦！[偷笑] @房卉林 @藝龍團購 //@吳昕: 行吧，@Iris_he 小紅，這套裝備我看到啦[偷笑] 我地址你有哈[親親] 你懂的呀,1,1,1
很好，物美價廉，只是拿來讀書，完全夠了,1,1,1
又敗了，今天肯定心情很好[鼓掌] //@PennyMeng_大白:踢不爛的羽絨服到手，我爪子快，爪子快，剁不到呀剁不到，耶耶耶[江南style],1,1,1
划算。繼續支持京東。好用啊！,1,1,1
胃不好的多學學~~[可愛],1,1,1
包裝很結實！蘋果很新鮮！味道也不錯！好喫,1,1,1
到貨啦^o^首先阿芙家太細心了包裝很謹慎老爸說從50層樓扔下來都沒問題打開後喔！除了買的東西送了一大堆?都很有意思開運瓶送了兩個都特別漂漂這個週日好開心[愛你]@AFU阿芙 @阿芙粉絲羣,1,1,1
雪姨纔是真女神，裏們的膝蓋還好麼。。。。[哈哈],1,1,1
到貨了，到貨了，看曉亞姐@猴兒亞亞 可實誠的發來了一個不小的箱子，我還以爲誰過完年給我送禮呢[嘻嘻],1,1,1
很不錯哦，就是中轉速度磨嘰死了！,1,0,1
你說，這東西現在上哪找去。可是姐姐還是找到嘞。拿什麼跟我換？[嘻嘻][嘻嘻]@樹葉的飄落是隨風而落,1,1,1
感覺外觀不怎麼好看，系統界面也需要重新設計，但功能正常，還是給過,1,0,1
just sleep[嘻嘻]//@慧小左: 哈哈@胡胡-楊倩 @??嘉-不?-?喜 @徐匕禾? //@清盈的風: //@搞笑萌寵秀:當你離家後，你的寵物會幹什麼呢？？？,1,1,1
第一次買這個牌子用，聽別人介紹的，很好用，就認準這個牌子了！是正品！,1,1,1
[汗][汗][汗]我承認，從開始玩DVD收藏到玩偶收藏以來，我一直就是包裝黨的忠實一員，更徹底的來說是不折不扣的外貌協會的！[酷] 看到這一桌的各種包裝袋，封口貼和牛皮紙袋紙盒，各種激動啊！[嘻嘻] 看來做出來的東西必須好，要不然這些包裝可不搭哦！[哈哈][哈哈][哈哈],1,1,1
@胡濱微博 @熱點紅姨 @熊麗電臺 最辛苦！再祝美食節成功！收穫多多！//@熱點紅姨: 大家都很辛苦！//@譚昱君: 帶回家很多好喫的東東[饞嘴][贊]開幕式很成功！滿場都是美食和美女呀，既飽眼福又飽口福呀！[愛你]//@胡濱微博: 好美食大家分享,1,1,1
"晚上到的深圳機場，打的到酒店半個小時左右，120塊的樣子.酒店CHECK IN 還算快.但是很奇怪,晚上睡覺的時候總有""的,的,的""的聲音,是從窗戶那裏傳來的,仔細檢查了下，發現窗戶是關的好好的,哪裏來的聲音也不知道.酒店的洗澡水很大很足,就算12點以後也還是那樣,不錯.就是CTRIP的預定有點問題，說提前7天預定可以拿到590的價格,我提前了10多天預定的，最後在出發前查了一下，就算提前一天也是同樣的價格,感覺有點上當受騙的感覺,CTRIP現在也開始對客戶耍手段了.我香港的是九龍萬麗,幸虧我是自用萬豪的網上預定,同樣的行政樓層,CTRIP要比萬豪貴100多HKD.看來，以後是要多多比較比較了,CTRIP也不一定會是我的首選.",1,0,1
送錯了，店家重新補送了一份，不錯~,1,1,1
[鼓掌]共鑲盛舉！//@海喫海喝找海哥:廚界華山論劍！,1,1,1
共勉[嘻嘻],1,1,1
愛做菜的的男人大多智商高，還等什麼呢！！！ //@金字火腿官方微博: 男人最帥的瞬間：做菜、做菜、做菜！[哈哈],1,1,1
兄弟，我證明你是個與事件雙方無關的普通涼茶消費者，在非飲料行業的世界五百強企業裏有分正式的工作，罵你是水軍的顯然找錯了攻擊對象，[哈哈][哈哈][哈哈][哈哈],1,0,1
大家一直關心的華僑城直達專線已經在東部客運站等你來咯[耶]經小僑親身體驗舒適安全，快速直達[嘻嘻]每日往返4個班次，週末及節假日還有臨時班次[心],1,1,1
"【#蒼井空#談擇偶：喜歡#王寶強#這一款[喫驚]】""宅男女神""蒼井空受訪暢談自己的擇偶標準，她是這樣說的：喜歡王寶強類型的男生，不喜歡冷漠花美男....[哈哈][偷笑][抱抱][鼓掌]#誰在說你長的像王寶強 你就感謝他祖宗八輩吧# ....http://t.cn/zRc4SUc",1,1,1
#午後小憩#內蒙古-呼倫貝爾，草兒都綠了，讓我們來先睹爲快吧！！[鼓掌],1,1,1
提前祝我所有奶奶輩，叔叔輩，平兒輩的親朋好友，雙節快樂，笑口常開，圓圓滿滿啦…[哈哈][親親][月亮]Leo201Day…???,1,1,1
//@減肥娃娃:[哈哈] 浪漫的巧克力[哈哈],1,1,1
這樣悶熱滴天氣裏，最好滴方法就是把自己泡在涼爽滴水裏，一邊遊一邊想着果菇涼下午寫的“墨寶”，自己就偷着樂，差點嗆水。遊了600米就木有力氣了，稱體重瘦了五斤，開心哈哈，樓下滴花花好清新哦，剛下班滴李姐幫俺帶回爽口滴蕎麥冷麪，美美[親親]  @深藍曉李 @沁藍LY @六零兒 @路燈攝影,1,1,1
這名號有點雜啊……[哈哈],1,0,1
這跟小平有半毛關係//@遠古的刀:我愛王菲 // @餓食伊 :[哈哈]//  @王星WX  :我愛陳奕迅！,1,1,1
#蒙牛純牛奶# 新包裝感覺還不錯。,1,1,1
//@VV良家族寶哇: 好?西！??分享！#??良#//@水豬1130:謝謝博主[愛你],1,1,1
韓國範兒思密達。@yekinki [嘻嘻],1,1,1
回覆@天下空:窩是上海巴子[哈哈][嘻嘻] //@天下空:你跟@寧財神 是家鄉人？,1,1,1
網易跟帖很多網友都是很有才的。//@馬志海: “誰欺負這個國家的人民，誰就必須滾蛋”。擲蛋有聲，贊一個[哈哈],1,1,1
褲子看起來還不錯，但有點褪色,1,1,1
"站點不錯，推薦。,小pizza我一人喫一張正好",1,1,1
你那肉有價無市！ //@餓滴個親孃:其實俺挺值錢的，身上的肉肉如果換成市價，值不少錢呢。。。。[哈哈][哈哈],1,1,1
[哈哈]本本，你淘氣！[哈哈],1,1,1
剛剛轉的冰淇淋微博讓我想起了快本。順便科普個 快本時某人喫的第幾個冰淇淋我忘了。。好像是第一個。就那個棕色的。那個雪糕是蒙牛 奶磚雪糕 超市裏超常見，真心特別好喫。最主要的是便宜哈哈。好吧，我承認我無聊了。。,1,1,1
和諧社會啊[哈哈],1,1,1
紐約！紐約！這個要是不考＂託福＂就美了！@姚晨 @黃渤 @隋蘭 @杜淳 //@紐約電影學院:回覆@餘思潞: 哎呀餘思潞吶！ 感謝捧場！校友們都回來了！ 謝謝大家了！@黃小蕾 @新澤兮 [哈哈] //@餘思潞:有空一定去重溫下母校的瘋狂。[暈]@黃小蕾 @新澤兮 要不要結伴同狂？[嘻嘻],1,1,0
去年買了幾本書居然都是漢唐的，挺不錯。 //@朱學東:俺正失業。。。[嘻嘻] //@悠悠耕讀:回覆@嚴彬拉夫:哈哈，嚴兄若是能來，求之不得。只怕我們收不起哈。嚴兄推薦推薦就已經感激不盡了。。 //@嚴彬拉夫:回覆@悠悠耕讀:收我嘛。。。,1,1,1
[哈哈]一流的教學環境，@網際飛俠 一流的老師，值得期待[贊]//@JS-??:愛風光攝影的快報名吧！真的可以快速提升！我是證人[偷笑],1,1,1
酒店環境不錯，挺安靜的。服務也不錯。推薦建德鎮上的胖子新排擋，哪裏的酸菜魚不錯,1,1,1
房間不是很大，但是衛生間裝的很有創意。早餐很好，品種多，而且味道不錯，服務人員的態度也很好。,1,1,1
#Nana酷遊世界100天悠遊臺灣# 面對美食，pp的贈品扇子就被偶無情的拋棄了[嘻嘻] 人家手不夠用嘛~[委屈] @北京有個老頑童 @臺灣自由行 @海峽零距離 @酷訊旅遊 @酷訊旅遊體驗師 #悠遊臺灣個人遊#,1,0,1
送貨迅速，價廉物美，品質也不錯，以後的水果就在京東買了。,1,1,1
前晚大董在玉淵潭開張新店，首次進駐京西[威武][威武][威武]沒做大規模慶典活動，開業當天就已客滿，估計又會羨煞很多同行[偷笑]喜歡新店的燈飾，美輪美奐。漂流木雕也大氣脫俗[愛你]@大董大懂 @紅與黑經典之美,1,1,1
第二次買了，老婆說好就好，好評！,1,1,1
[給力][哈哈][圍觀],1,1,1
活動999買的，不錯的一次購買。,1,1,1
送餐很快，而且百度的減8元很給力,1,1,1
//@雁鳴湖旅遊度假村:[嘻嘻][擠眼]感謝各位的支持，本次新聞發佈會才能如此順利！,1,1,1
配置較均衡，對電腦要求不是很高的人來說完全夠用了，而且聯想的服務值得肯定，機子到目前還沒出現什麼大問題，比上次買的宏?的好多了，而且就在我下單後兩個小時就漲了200，幸虧出手快，到現在還沒降呢！推薦選擇這個！,1,1,1
在長沙各大書店跑了個遍，還是沒有能買到這本詞典（是在上研時我的導師力薦的，但一直沒有去買），幸好有噹噹網，這麼快就讓我擁有了她，抱在手裏很有感覺，比對了以前買的一些英漢詞典，發現確實不一般，詞條要豐富很多，而且註解也很詳盡，唯有要說的是，要是條目能用彩色標註，不全是黑糊糊的，眼睛會好受很多，畢竟字體太小，加點色彩會要柔和一些的：）,1,1,1
//@BARISTA斯魚: //@RamiLJ:好耍[嘻嘻]//@咖啡半仙賈明:@BARISTA斯魚 @外星人_YYX @老麥的玉雪 //@CoffeeGroupies:[圍觀] //@Derek_老德:喝過米做的，這方法好喝[good],1,1,1
半年等了一次活動，總穿他家的褲子，質量沒問題,1,1,1
確實1個月減了7斤 [抓狂]//@讀心弟_王:回覆@大嘴美人:不要外傳!!因爲我天都寫一大堆東西而且還要熬夜。精神過度疲勞，所以才瘦下去了！[嘻嘻][嘻嘻] //@大嘴美人:怎麼減的教教我,1,0,0
[哈哈]//@新浪財經:近幾年來，在紐約時代廣場，有不下20多箇中國的省、市、甚至村在紐約時代廣場播放過宣傳片。但值嗎？,1,0,1
菜品質量很好，喫貨幾次了，都還不錯,1,1,1
呃呃呃…… //@villan:真疼~~~~[啊]  //@黛瑞拉:反了[衝鋒] 真正滴爆菊[臉紅自爆] //@V一路狂奔V:竄天候...[太開心],1,1,1
#黃金假日美國自由行#[鼓掌]帝國大廈 五晚異彩紛呈的聖誕節燈光秀即將登場。,1,1,1
@Imlina @哈哈兔兒 [太開心] //@冷笑話精選:花錢如流水的妖精！,1,1,1
[嘻嘻] //@未名湖水草: //@我是高老虎 皮卡書屋中英文圖書館:推薦親子手工！,1,1,1
美味小黃油！[抱抱][饞嘴],1,1,1
酒店的服務和園林是好得沒話說的啦，房間設施就一般，有的舊了，但被鋪還是很乾淨舒服，就是580的價錢有點貴！,1,1,1
房間很寬敞，大牀實在是很大，兩個大人帶個小孩睡着一點兒也不擠，打掃也很乾淨。站在海景房的陽臺上任海風拂面真是很愜意。早餐內容也很豐富，不過性價比不高。但除此之外，就不能要求更多。送餐的食物實在是有失水準，晚上的露天燒烤除了暴貴之外，沒留下其它印象。,1,1,1
以前給兒子讀書，他總是聽一會兒就跑了。《噓！我們在睡覺》是他第一次完整聽完的一個故事，看來這種語言風格還是比較適合孩子的。“媽媽，講睡覺吧！”這幾天一回家，兒子就纏着我講。只要孩子喜歡，比什麼都強啊！當然，我最看中的還是裏面的知識點，不僅有趣，而且完整地融入到故事當中，爲我給孩子傳遞別的內容也提供了一個很好的範例。,1,1,1
#魅力空少#“其實，我一直覺得自己很幸福，因爲我穿上制服就能夠翱翔於藍天；脫下制服，可以背上吉他在舞臺上縱情歌唱。”他就是我們昆航“音樂才子”~[鼓掌] 2011年第9期《深航人》特寫：《音樂才子：朱儁良 伴着音樂翱翔》，粉絲們不妨在航班上認識他一下~http://t.cn/GP796 @深圳航空,1,1,1
外屏爲65536色，比較獨特。VGA 33萬像素攝像頭，表現不錯。上網速度令人滿意。,1,1,1
該收心好好工作啦[愛你]給自己加油[奧特曼],1,1,1
肉好多，實在，送餐沒法進北醫校門，有點可惜,1,0,0
好！非常好穿！好舒服！質量也不錯！賣家生意興隆！,1,1,1
以前買過這回是給媽媽買的 用了一回說不錯,1,1,1
司機把我們拉倒烏爾禾的寶石灘，滿地是寶，隨便撿[太開心],1,1,1
回覆@Sylvia清華:謝謝啦~[cai開心] //@Sylvia清華:生快！//@Muliani: 真乖，謝謝親耐滴~[可愛] //@Muliani:真乖，謝謝親耐滴~[可愛],1,1,1
這麼明目張膽的約會? //@Vivi_??媽媽: @豬欣欣 咱倆可以約在這兒；@Kun琨Kun 咱倆也能約在這兒[嘻嘻]  //@非典型射手座的涵涵:@vivian_0903 有興趣？ //@雕爺牛腩:您好，我們的人均在100-200元之間~歡迎前來品嚐！  //@餐飲諮詢楊鐵鋒:回覆@靠譜喫貨:確實出乎,1,1,1
味道還不錯，比較實惠,1,1,1
常跟領導喫飯，升官是遲早的事；常跟大款喫飯，發財是遲早的事；常跟老婆喫飯，厭倦是遲早的事；常跟情人喫飯，腎虛是遲早的事；常跟異性喫飯，上牀是遲早的事。由此推論：幹什麼都要先喫飯。。。,1,0,0
十二星座七夕全攻略//@像愛貝爺一樣愛國安://@北京爺們0505: [哈哈],1,1,1
一個碗不響，兩個碗叮噹[嘻嘻]//@贗曉乙:說實話男的固然可惡，但這女的也笨得可以 //@吳勵君:這個是PR稿嗎、、、、、、 //@YUKI小姐您貴姓:我居然看完了！這種男人太可惡了，腳踏兩條船被揭穿了還繼續騙的男人一輩子戴綠帽子！[生病],1,0,1
我在這裏: #濰坊火車站#@陳晨sc @宋玉龍SC 看到額頭上的風箏，我想起了妹妹妹夫。此刻的你們還好否？濰坊風箏之城，問好[哈哈] http://t.cn/z0kKOMW,1,1,1
打開的時候上面甚至還有露珠，應該挺新鮮的，一個有手掌心那麼大，挺對得起這個價格的。包裝也很好，好漂亮啊，比外面買的還漂亮,1,1,1
//@Seven絮語: 。。。。@楊晨醒 @鬼臉朱朱 //@小馬哥o0O: 真NB！太不要face了！ //@王金星:@Miao_UA @小馬哥o0O //@遊戲策劃胡凱: 騰訊研究院的動作太快啦[嘻嘻]/@陳昊芝:明天CocoaChina開發者大會，我終於有素材可以說說了。騰訊你真NB。,1,1,1
我剛知道還有微刊這種東西[嘻嘻],1,1,1
幸運，趕上4699，自提檢查，包裝未拆，完美屏，還不錯。機器挺漂亮的,1,1,1
就在長途汽車站附近，步行10分鐘吧。就是馬路路口斜對過。在鬧市區，路口有歐什麼的西餐便餐店，環境不錯。賓館就是標準的4星，挺好的。附近還有kfc和農工商超市。,1,1,1
因爲未婚夫在美國的關係，他經常要美國、中國兩邊跑，每次都選擇過境香港，所以給了我最好的理由去香港。在香港入住過不同的酒店，這家酒店給我的感覺最好。服務和環境都沒有話可說，最感動的是，退房時走得匆忙，一條新買的裙子給忘在酒店房間了，直到回到家收拾行李才發現裙子不見了，當時已經是凌晨2點了，我抱着試試看的心態給酒店去了電話，結果接電話的男士很禮貌的告訴我裙子他們有收到。謝天謝地，經過溝通，以信用卡作郵費支付擔保，我的裙子終於在失散一週之後回到了我的身邊。下次未婚夫回國，我會強烈推薦他入住這家酒店，我想我以後去香港都會入住這家酒店,1,1,1
京東忠實粉絲，超市就在家門口我也不去，就是要在京東買！！！,1,1,1
可能是因爲周圍修路，所以人比較少，環境很好很安靜我入住的是標間的大牀房間暖風很充足，浴室比較好，很大，水溫不錯房間很乾淨，空間大，房高，牀也很舒適，也沒有騷擾電話唯一缺點就是電視太小。。,1,1,1
"在導航下容易找到; 前臺價格比攜程貴20元; 環境在城市中算很不錯; 服務態度等看出酒店員工受過培訓,效果不錯; 總機用語,態度禮貌; 門生有微笑, 在新會這地方是天堂級服務; 早餐(送)的環境,服務不錯,只是歐陸式早餐份量較少, 國人還是挑中國早餐比較滿意. (當然,酒店價格在當地算是比較高.但至少一分錢一份貨,值得.)",1,1,1
一口氣就讀完了，呵呵，來不及細品，怎就讀完了。喜歡張愛玲的，所以拿來讀。讀到了不少不曾知道的，倒是更喜歡原來就喜歡的。精緻不媚俗，孤傲卻着實又讓人憐惜，不是傳奇，又是什麼？更是有了些感悟，關於與孩子溝通的，生怕是不得法處，日後後悔了。朋友式的交流，平等，仔細聆聽，太過苛刻，會讓孩子不自信，這個大學問，我倒是時時在警醒，希望是有進步。,1,1,1
[喫驚][喫驚][喫驚]已經有人領到啦？羨慕中。。沒去的抓緊啦！一共一百份哦。[鼓掌][鼓掌][鼓掌],1,1,1
筆記本是原裝正品，不是樣機和新刷的機器。顯卡性能還可以，雖然顯存是DDR2的，但是最快能工作到550/1400，可以跟08年的主流顯卡8600GT媲美。而且在節能上做的不錯，能夠自動調節頻率和速度，不開遊戲瀏覽網頁的時候，功耗降低的很明顯。最讚的是封裝的內存條石單根2G 南亞的條子，可以升級到4G。另外送的包質量很好哈，雖然薄了點，背起來還算舒服，功能口袋也多。,1,1,1
@新週刊 15週年紀念版真的很彪悍啊，3本雜誌加一本notebook依然只要15，這期還沒看，標題很對味[鼓掌],1,1,1
#早安御庭#早安週日！#帶着家人去御庭#評照片、拿大獎開始啦！歡迎各位參加評選哦，第一波：最溫馨獎，下面的幾張照片有親情父子兵，有四世同堂大家庭，還有可愛表兄妹三人[愛你]溫馨不是一點點，誰將拿走我們的大獎呢？由你決定哦[給力]@也度假網@旅行家雜誌@姚晨@何炅@蘇州電臺春曉@周青海-南京大學,1,1,1
搶購到上海的最後一臺 樣子很好看，配置很好，開機關機速度快，幾乎沒有聲音，鍵盤很舒服 還有兩個以外的驚喜，一個是產品介紹和圖片都沒有攝像頭，竟然有的。還有一個產品介紹說是combo光驅，實際是DVD刻錄,1,1,1
第一次寫就是精華遊記，那是必須傲嬌的！[嘻嘻][嘻嘻][嘻嘻]//@小餅一塊: 回覆@叄_陸_玖:哈哈哈，一定要把嬌柔做作風發揚光大[嘻嘻][嘻嘻][嘻嘻] //@叄_陸_玖: @小餅一塊 [哈哈][哈哈][哈哈],1,1,1
雖然唔中意蒙牛 好多年無飲過 但系 這是不同的 多謝,1,1,1
只有一兩個比較大，其他都挺小的，有點上當的感覺，不過這麼便宜也就算了,1,0,1
大家快來評論，說說你小學時候的作文題「我的理想」//@途易在線:二選一[哈哈]//@文萊旅遊局官方微博: [疑問] 機票 OR 飛機 ???,1,0,1
再忙也要來一杯[嘻嘻]//@全球經典音樂: 沒事就來一杯！,1,1,1
第一個過來報到，謝謝啦。。[心][鼓掌],1,1,1
褲子非常好，質量簡直沒得說。可以推薦大家購買哈哈哈，穿的很舒服。,1,1,1
“保持戰略定力，在正確的時間做正確的事”，“穩中求進不是無所作爲，不是強力維穩、機械求穩”……7月21日、24日，由總書記主持的黨外人士座談會與中共中央政治局會議相繼在北京召開，習總書記深刻闡述了經濟發展“穩”與“進”的內在聯繫。,1,1,1
“三十而立，立什麼？――立身、立業、立家”--就這一條逼死當下99%的年輕人，還是改改這句的註解吧，“三十而立”的原意可能不是這樣的。[嘻嘻] //@銷售界:三十不豪，四十不富，五十就去?死路。早安,1,0,1
都算是的。 //@i-Rena:飛機餐？！//@KC?味??: 哈哈，好大的?房呢！[哈哈],1,1,1
房間很大，服務員的態度也很好。只是商場在招商，不是很方便，算有點小可惜！,1,0,1
送餐員辛苦！奶茶味道不錯！,1,1,1
進場了。在網背看戰術組織[嘻嘻],1,1,1
樸智兒[抓狂][衰] //@BTV麥麥:全允熙yeah！ //@btv看棚大爺: 樸恩淵，哈哈哈哈哈//@馬櫪鑫: 僕貞蘭[哈哈][哈哈] //@楠楠小魚兒:安孝芯還挺好聽的,1,1,0
很辣、但是很香～喫完一次還想喫哈、送餐速度也很快～,1,1,1
如何擦嘴又不弄髒餐巾：用袖子。如何剝橙子而手指不會觸碰到它：用腳。用牛排刀叉如何避免扎到旁人：扎自己。這些培訓都很簡單嘛，我只收3萬塊，附送主持人發音技巧課程一堂，名額有限先到先得。[嘻嘻][嘻嘻],1,1,1
那百度手機輸入法還做的熱火朝天的[哈哈][哈哈]//@dowell:先消亡的是搜狗手機輸入法，因爲不需要軟鍵盤了。// @尹方鳴 : Carl賭半年都穩贏[嘻嘻]// @宮布 :用不了一年 //  @CarlAT移動互聯網  : 我預測一年之內會有一個用語音發微薄，自動轉換文字的無線應用，誰和我打賭?,1,0,1
不錯啊，非常好京東快遞很快商品很好，京東快遞小哥服務非常好,1,1,1
京東的dd發貨速度是驚人的，第二天中午就到了，帶發票，還可以拉卡，8錯。打開還有xp光盤，就是沒有預裝office,1,1,1
不錯，沒想到宇宙捲餅是這個樣子的，粥還是熱的！！！,1,1,1
謝謝上海的朋友們[愛你] //@早年的大兵:音樂會結束後，數百觀衆在劇院排隊購買唱片並等待常靜籤售，這樣的場面我已久違了，好的藝術是永遠值得人們嚮往和回味的[音樂],1,1,1
康師妹麼[哈哈] //@婷婷Doris:我要瞎了[落葉]  //@獅可:啃他雞kfg。。。。[跳舞花],1,0,1
早上下單晚上就收貨，神速啊！這次寶潔產品搞促銷力度還是很大的！,1,1,1
清揚洗髮水很好用，下次還來買呀，實惠裝，京東棒棒的,1,1,1
編導小狐狸說我的形象比在CQTV帥。。。現場帶去了西雙版納的傣錦、瀾滄江的石頭，喜歡版納的朋友幫忙鎖定擴散[握手] //@小狐狸和它的朋友們:歡迎收看[鼓掌][鼓掌][鼓掌],1,1,1
//@劇酷傳播: #酷-劇優劇#：又一部@劇酷傳播 的劇目微信公衆號發佈啦~大家快快關注起來[抱抱][抱抱],1,1,1
????? //@BTV黃海寧:BTV春晚贏了……[嘻嘻],1,1,1
國產之星。非常流暢，買之前一直在比較，看了很多評論，說分辨率不高，有顆粒狀什麼的。也看了好評，也有中肯的評價，但是實物到手真的感覺挺不錯的，畫面清晰，可以擴內存，大小，顏色，質地都挺好的，聲音也不錯，旋轉屏也沒問題。而且京東速度好快，我上午下單，下午就送到了，驚呆了辦公室的一衆同事，哈哈。大家可以放心買，有問題可以問我哈～地鐵上寫的評論，再拍幾張照。,1,1,1
某個行業是什麼行業？[疑問][噓] //@陳寶存:回覆@珍走?:爲女子和小人難養也！尤其是有文化的女人！胃口太高！尤其是某個行業的女人！[哈哈]  //@珍走?:現用現買啊  不就是嫖麼  //@陳寶存:養情人就是有病！現用現買啊！養情人是替小白臉養的！  //@鄧茂華: 風險高了。  //@陳寶存:找情人要選擇了！,0,1,1
真的耶，我也是打小兒看你的節目????????????嚇大的[鼓掌] //@文怡:回覆@Wsunny灬:我就。。。。。。怒摔[怒][怒][怒][怒] //@Wsunny灬:關注那麼久，看了這張圖才知道你就是我小時候看做菜的主持人，我了個去，小時候就想喫你做的菜,1,1,0
因爲看到各位攜程網友的留言評價很高，就頂了。入住之後，果然名不虛傳，服務非常好，酒店的設施也還不錯，酒店的地理位置在市中心，去哪裏都很方便。餐飲做的也很好。下次一定會選擇。,1,1,1
回覆@abcwym:謝謝關注！保持交流！ //@abcwym:一直關注你的圍脖，因爲兒子在悉尼讀書已近一年。非常羨慕你的努力及成功！ //@ABC袁祖文:回覆@飛輪韋博:[握手]  //@飛輪韋博:羨慕妒忌但不恨[嘻嘻],1,1,1
非常棒的蘋果，下次還買，真的很好啊！足不出戶，好喫到手了,1,1,1
看見什麼都想拍，也是一種病吧[偷笑] 拍個核桃練練手[哈哈],1,1,1
回覆@歲月無聲息:爲了這次的聯歡會，所有員工都付出了很多努力，特別是組織及演職人員們，犧牲了個人的休息時間一次次排練，爲大家帶來精彩的節目，我們要特別感謝他們[愛你][愛你] //@歲月無聲息:今年的聯歡會是我經歷的近幾年中組織的最出色的，節目的緊湊、獎品的配置誘人，臺上臺下互動！員工熱情,1,1,1
做工紮實，面料厚實，防風防水，值得推薦,1,1,1
開玩笑，也不看是哪個攝影師拍的[哈哈],1,1,1
[嘻嘻][哈哈][嘻嘻][哈哈][嘻嘻][哈哈],1,1,1
[抱抱]常帶小盆友來梨子家哦~~[愛你],1,1,1
做工精良，屏幕清晰，就是會經常出現卡頓,1,0,1
看完冰燈燒烤，其實我是想拍隔壁間的女孩，穿了一條無袖裙[生病][嘻嘻],1,1,1
餐送到門門口，態度很好，包裝很棒捲餅用錫紙包着，味道很棒，之後還會買,1,1,1
好就是好，穿着舒服，以後多關注的，哈哈,1,1,1
@李天華 二對一[鼓掌]長腿妹長腿妹長腿美眉美長腿[花心],1,1,1
同意[可愛][可愛][可愛],1,1,1
回覆@浮雲UU朵朵貓:[鼓掌] //@浮雲UU朵朵貓:回覆@ebeecake:等我做了就分享，哈哈！！ //@浮雲UU朵朵貓:我學了！！！ //@ebeecake: 自己做纔是最健康的,1,1,1
本次獲獎名單將在八點二十發，抽獎方式爲通過@轉發抽獎平臺 進行抽獎，領獎方式以及其他詳情將在產生獲獎名單後公佈。[嘻嘻]小編的帶薪假期要來了麼？[抱抱][抱抱],1,1,1
藍精靈2[哈哈],1,1,1
等了兩個半小時，不過東西真的很好吃,1,1,1
這該算我坐過最小的飛機了，總共19名乘客，不過飛的還算穩，最後一張是取行李的地方[嘻嘻] 我在:http://t.cn/zQSVytB,1,1,1
從前，有一條毛毛蟲！他爬呀爬，爬呀爬~就睡着了[哈哈] [?],1,1,1
回覆@山嵐熊外婆:對於如此珍貴的稀有品來說，不拍賣怎麼行～～！！[哈哈] //@山嵐熊外婆:恩，以後見面打招呼，就先問：您找到賣您鼻涕的買家了嗎[偷笑],1,1,1
龍蝦不值錢，而龍蝦尾卻是高雅美味[嘻嘻],1,1,1
人事招聘壓力陡然增加[喫驚] [汗]但北京這麼多的帥醫生怎麼就不入你們的眼呢？[疑問]  //@-_-微微微微笑-_-：我也喜歡！！招一個，讓我們也非常想上班，哈哈！！ //@yoyo-樹:我喜歡[嘻嘻] //@瑞爾齒科周密: 啥時候咱也照這水平招一個，無限幻想啊[樂樂],1,1,1
陰謀論[嘻嘻] //@傳媒老王:有點意思，我懷疑是東東的微博營銷廣告[嘻嘻]//@CBN葉航: 誰叫他又有好運又有MONEY的//@中國之翼釦子: 哈哈哈，理財到王總頭上啦！,1,1,1
回覆@學徒張雲飛:謝謝！ //@學徒張雲飛:康爺要注意身體啊！ //@相聲演員康松廣:回覆@攝影劉學成:是的，所以要暫緩執行。一般吸菸時都在想別的事，所以根本記不住這盒煙是何時打開的。 //@攝影劉學成:由此看來您老的記憶理論準備不足！[哈哈],1,1,1
送LP的，她非常喜歡，外觀漂亮，裝系統也很方便，跑XP速度很快。,1,1,1
哈哈哈哈，擦完整個人都崩潰了！[嘻嘻]下午是不是昏昏欲睡了呢，趕緊精神一下~,1,1,1
好聽，查查！//@查可欣: 期待再跟狼哥坐在沙發上盤着腿彈吉他唱歌~[可愛]//@老狼: 支持查查新作品。[good][話筒],1,1,1
物美價廉，一分錢一分貨，老人使用體驗不錯,1,1,1
發貨速度很快，頭一天晚上下單，第二天上午收到，包裝完好無損。,1,1,1
蘋果比較的脆，水分也還可以，不是很懂產地和種類但是口感比水果店八塊多一斤的差一點,1,1,1
初見書名時，自己也暗自猜測書中內容，打開一看，天吶，整個一小百科。由於自己之前的工作性質，對這些知識很敏感。茶餘飯後細細品讀時，感覺是別有洞天，內容涵蓋之廣，涉獵之多，足見編輯之苦心。但金無足赤，此書知識點廣度足夠，但深度不足。若爲開拓眼界，拓寬知識面，可謂良友，但若要深入瞭解，還需藉助專業著作。總而言之，瑕不掩璧還是本不錯的書，值得一讀。,1,1,1
"走入酒店身心感受涼爽,客房送餐免收服務費,味道也挺好的,空閒之餘到桑拿做了個保健按摩才100元,感覺不錯~!下次到太倉還會選該酒店哦~!",1,1,1
頭髮很油，一天不洗就會油膩膩的，並且頭皮還很癢，試試這款看看會不會有改善。,1,1,0
讓我想起《不見不散》裏葛優教美國警察和孩子的那場戲了。[哈哈],1,1,1
我發現我越來越邪惡勒。。[汗] //@相聲演員王勇: [哈哈]//@相聲演員胡云鵬: 爲什麼不喜歡尖的我就喜歡啊//@學做一個聰明的人:突然懂了，這個好邪惡了啊 [抓狂],1,0,0
靜靜的，輕輕的，悄悄的，慢慢的…[給力][鼓掌][贊],1,1,1
羊雜味道超級正宗！最主要的是快遞小哥特別好，特別貼心，還給拿了辣椒油，而且態度特別好，特別好，特別好！重要的事情要說三遍！,1,1,1
棒棒棒，給物流五顆星，給快遞小哥100分。,1,1,1
又加配了一條2G DDR 800的內存。裝了XP DELL OEM版。速度沒有問題。我平常就是一些文字處理。WI-FI信號很好，比我上次使用的D630要強一些。,1,1,1
祝姚姐生日快樂！今年姚姐明年姚妹[嘻嘻][蛋糕],1,1,1
每次來外攤都是晚上。這次終於看到陽光下的外攤了。 [鼓掌],1,1,1
送來的非常快，飲料都非常的不錯呦，超級喜歡,1,1,1
市區也可以領了！[鼓掌][鼓掌]這下更方便了！[給力] //@微博泰國:[威武]  //@泰國鳴人: //@ManGu曼谷雜誌:[嘻嘻][嘻嘻] //@張?Sunny:在機場沒時間領的童鞋們，別再錯過咯。siam paragon所有的諮詢臺都能領哦,1,1,1
用了一星期纔來評，挺好用的，主要是.玩個遊戲看個電影，這個價錢很超值，支持國產,1,1,1
可能是電費的問題，房間裏的空調不夠熱，如在平原，只能算3星，但在香格里拉可以算4星。補充點評 2007年4月3日 ： 是商務標準間,1,1,1
準備一個月的口糧撒~//@任軼潔: @曉林oldchen 來個100km，咱倆喫點喝點給他加油等着他~~豈不快乎//@Blueonline: 本來還想報個10公里，咋就沒了？@smileyplum 。。。這次是要在任總的地盤上撒野了啊@任軼潔 @曉林oldchen [嘻嘻]//@愛拍星空:這次最低50k起啊。。木有平民版本的了[淚],1,0,0
//@智障少年咪西西熱脹冷縮了: 最後切JJ了。。。//@齡齡爸: 本來就是一個輸入法的廣告 //@蘿莉喵兒:真假，60秒之內發了23條 //@是非彆扭_老和: [哈哈] //@內科-王大夫: 要臨危不亂 //@文刂孟加拉大貓女圭:[嘻嘻],1,1,1
送貨快，服務好。送到即嚐了一顆，香脆可口，雖不是巨甜，但果香濃郁，家人都喜歡。,1,1,1
沒有發票，分辨率不行！玩遊戲眼睛疼！！！樂視會員和誅仙cdk需要的微信lic770，我沒用。,0,0,0
餅很大，但是速度很慢,1,0,0
#金陵觀園 微分享# 端午節將至，酒店組織員工進行包糉子大賽！趕快來現場看看吧！廚師長現場教你如何包糉子！[嘻嘻] 氣氛可熱鬧呢！[偷笑]@金陵連鎖酒店 @寧傑Luck_Zhu @聖卡洛琳 @Cindy_wuyunyu,1,1,1
兩件一起買的，都是厚款，碼數。    用的布料不同，顏色差異也很大，兩件的線頭差異很大，一件很多線頭，一件基本看不到    不多說看圖,0,0,0
"性價比很好,設施很方便,適合家庭(3人以上)入住賓館反饋 2008年8月5日 ： 非常感謝您的評價。歡迎您和家人一起光臨！",1,1,1
"交通位置很好,服務設施還可以.但價格有點高,可能太原的酒店價格普通比較高的原因吧!",1,1,1
我暈，忘記@ 人了 @淺草恭子 @鄭米飯 @阿拉蕾淼淼 @winegood //@申子超: 能給瓶正牌嗎[哈哈],1,1,1
短信容量2000條，強！,1,1,1
2K屏幕顯示可以的，給女朋友買的。她說打王者榮耀看電視很爽,1,1,1
神交[嘻嘻],1,1,1
簡直太貼心了，我要向嫂子你學習[愛你][愛你],1,1,1
哈哈//@郭晏平: 聽這口氣，諸葛亮他爸是北京人哦[哈哈] //@文史女教師:呵呵~,1,1,1
真的不是…… //@RyanchenGG:是不是大白鯊啊。滿心疑問。真的好像哦。//@Reneeinbj:哇塞，好殘忍…… //@RyanchenGG:趕緊看看啊。是不是有人用大白鯊的肖像權。維權啊。[哈哈]@Reneeinbj,1,0,1
今天晚上喫海鮮火鍋，山東大對蝦太給力了。扇貝，鮮貝，蝦滑超級好喫。要了豬腦，好久沒喫了，補補。。。[嘻嘻]@kitty是摩羯女oO,1,1,1
你倆怎麼過的？ //@新妞-婕寧: 祝福祝福!明年就有孩兒一起過了[愛你],1,1,1
終於見到兒子了[哈哈],1,1,1
那是英國話吧！ //@茶人馮建華: 回覆@??捌:是蒙古話。 //@??捌:合着說相聲的還和實際有差距呢 請教您額勒金德是滿語麼？ //@茶人馮建華:回覆@?南??:下回給您吆喝幾個說相聲的不會的，在哪兒都聽不着的，北京人講話：那叫“額勒金德~德勒金隔”的！[哈哈] //@?南??:[good,1,1,1
京東六一八囤貨囤貨囤貨囤貨囤貨,1,1,0
六六老師，我是日本的作家大村敦志。之前拜讀了您的?蝸居?，真真切切又不失幽默地把房奴的形象表現的淋漓盡致，反映了中國的現實社會狀況，我很是喜歡。我想盡微薄之力在日本宣傳您的作品。[太開心] @六六 日本暢銷小說《細小》登陸中國 TOM→ http://t.cn/zWdbzGO,1,1,1
不敢當喔[可愛][可愛],1,1,1
#中國達人秀#今天下午4點 劉教授微訪談，能問的不能問的，都趕緊着丟給他！[哈哈][哈哈]//@歌手劉教授: 明天下午4點微博微訪談，儘量有問必答。讓問題來的更猛烈些！！！有什麼問題可以提前問。,1,0,1
【婚姻的潛規則】李敖：女不可下嫁，男不能高娶。一旦誰犯了規，男人會被諷爲喫軟飯，女人會被嘲笑沒眼光。婚姻就像黑社會，沒加入者不知道其黑暗，一旦加入又不敢吐露實情，逃出來的保命尚且不暇，哪敢多話？所以婚姻的內幕永不爲外人所知。此乃圍城也。[愛你]@聽海_燕兒歸@皮海洲@程主任,1,0,1
4399元購入，聯想的售後比較完善，而且做了這麼多年的筆記本，質量應該有保障的！,1,1,1
"酒店地段較好,打的去淮海路也只要20元左右。只是門面很小，幸虧招牌字夠大，否則打的從浦東機場沿浦東大道過來時差點找不到。房間設施新舊中規中矩，就是奇怪好象房間高度很低，因本人個子較高，總感覺要碰到房頂。第二天早上要退房時才發現進門的地方有個廚房，實際用處不大，在裏面藏個人到是隱蔽。",1,0,1
今夜有如此多的朋友熬到了現在，只爲讓她輸，我們更是明明知道結果，卻還是堅持！我沒有好聲音，更沒好舞蹈，更沒有好相貌，唯有好好工作！祝所有人國慶快樂，好快樂！[嘻嘻],1,1,1
不是我本人入住的，但是同事前後三次去淄博出差，每次都要求我幫他們定這家酒店，看來他們挺滿意的，想來應該是不錯的。,1,1,1
我選@一麻一辣，你們認爲呢？@一麻一辣馮巖 @一麻一辣高峯 [鼓掌][鼓掌],1,1,1
這本書中的圖片很讓人觸動，比如爲勞拉祈禱的校友，惠特尼和馬特的笑容，很動人。,1,1,1
挺好用的。就是沒那麼快。畢竟價位在這裏啦。音質很好，打王者。團戰稍卡,1,1,1
地點很好，雖然偏鬧了些。雖然沒有早餐比較叫遺憾，好在成都是小喫的天堂而且尚能喫辣所以遺憾就少許多了,1,1,1
突然又想喫這個菜了~哪裏可以喫到呢~[哈哈],1,1,1
1.圓滑弧形設計手感相當好。2.MP3播放效果出色，音質比較優異。3.擴展功能好，支持內存擴充、支持紅外、藍牙功能、USB1.1數據線及免驅動U盤功能。4.電池待機時間長。,1,1,1
這算啥呀，剛剛起步而已。再過一年你就覺得目前的價格便宜了！[嘻嘻]//@鼓浪嶼中德記度假別墅:那叫一個貴啊！,1,0,1
[哈哈][哈哈][哈哈]//@天使投資人葉飛:轉發微博,1,1,1
１、待機：A62配備了兩塊電池，我每天有十幾條短信，30分鐘左右電話，再加上偶爾拍照，玩遊戲。950mAh那塊可待機3——4天，680mAh那塊可待機2——3天。曾進行了一次測試，聽了兩個多小時mp3，掉了一格電。保守估計連續可聽6——8個小時。對這樣一款TFT彩屏手機，其電池有這樣的表現已經很不錯了。２、按鍵反應很快，符合我的需要。鍵盤平，比較大，應該很適合男性使用。尤其是側鍵功能較多，可用於報時，讀出未接來電，未讀短信。信號較好，。３、拍照功能：200百萬像素的效果不是吹出來的，大家可以看看我後臺發的照片就知道她的拍照魅力了。４、保險箱功能很有用。可以將祕密鎖起來。５、mp4播放效果較好。我從網上下載了《愛拼纔會贏》及其它mp4格式媒體文件，圖像相當清晰。mp3播放十分方便，不用翻蓋即可進行。聲音效果不錯。６、人性化設計。來電提示音，短信提示音可自行設定。擴展卡支持熱插拔。鬧鐘五組。電話名單可分20組，自己命名，設大圖貼。7、最後就是值得一提的是，海爾的服務令人滿意。買機後，客服中心主動給我打了三次電話，詢問該機的使用狀況。至今該機沒有出過差錯。,1,1,1
還未去過此處，下次去時定要去下這裏。[可愛]@小米滾牀單 @月兔抱抱的幸福生活 @愛在西藏曬太陽,1,1,1
偶住的是南樓的房間，性價比不錯！酒店位置很好，離莫家街和清真大寺都很近，走路分別爲5分鐘，而且附近喫飯的地方很多，有家特色的“益鑫手抓飯”的清真館，很多回民去喫，馬路對面還有家王家拉麪很8錯。而且還有雙早，是在正樓餐廳，還行！唯一不好就是酒店隔音很差，樓道里的說話聲音都能聽到！,1,1,1
拍品越來越豐富，小夥伴們快看過來，又要開搶咯~~~#張譯#[鼓掌],1,1,1
在嗎，平板電腦我已收到，用了幾天，我發現爲什麼我玩手遊老是卡頓呢，有的時候10分鐘卡頓2到三次，每次卡頓3秒左右，什麼意思,0,0,0
[耶] //@王俊傑笑論天上天下事:在家慢慢點，什麼時候想去喫帶上點好的菜單，隨到隨做，方便。[呵呵]//@孫大新: 劉總有創意！[嘻嘻][贊]//@童華安:在家就能點餐了[嘻嘻]//@王俊傑笑論天上天下事:有創意，而且好像菜譜配有劉大師的畫，極具收藏價值。,1,1,1
這不是我拍的伴娘少女嗎[嘻嘻][偷笑][鼓掌],1,1,1
褲子喜歡，穿着合身好看，買第二條了,1,1,1
[太開心] 粉絲們今天都很給力啊，希望你每天看到它都有份好心情,1,1,1
//@就是要文藝範兒: //@森林畫冊:[雪]嘿法國啊也有剪紙藝術，動畫片太精彩了[愛你],1,1,1
#早安#發現一段新旅程，開始一個新目標，經歷一個新過往。你好，端午過後，一同發現。觀看cctv發現之旅頻道，隨時擁有開始的心情。[浮雲][呵呵][鼓掌],1,1,1
不要勾引我~！我看不見我看不見！[抓狂] //@喬木之南:估計一折的看不上，看上的也搶不着。[偷笑] 有勇氣的可以衝一把[嘻嘻] @Winny妖妖   @一葉知秋秋幾許   @皮來皮往,1,0,0
還不錯，就是太慢,1,0,1
@和蝸牛一起散步 哈哈謝謝很好喝[哈哈][饞嘴],1,1,1
寶貝收到了，試了一下，穿上挺舒服的，是正品，綜合給好評,1,1,1
豆乳花，結果就是龍鳳布丁，騙倫[抓狂]，不過味道蠻好喫[嘻嘻],1,1,0
#早安#奇蹟多在惡運中出現。――BY培根[可愛],1,1,1
1999搶購的，很超值，做工比較細緻，塑料感不是很強，感覺比聯想的s10強。,1,1,1
很多故事，在各種勵志圖書中被多次引用，可每一次重溫還是會被感動、被鼓舞、被啓示，內心深處總有一種情緒被觸動，這就像人的本能一樣，人性中總會有上進、寬容、勇敢、大愛的原始情節，即使有些看似已被多年的經歷和成長磨去，其實他被沉澱在最深處。所以一本好書就是要不斷觸及人性的正面能量，每次讀起都有新的發現，百讀不厭。,1,1,1
回覆@血慈悲:[哈哈]轉播也成!樂此不疲啊! //@血慈悲:山區信號不好，不是現場直播，是實況轉播。,1,1,1
機子是質量不錯，系統運行速度快，上網速度快，還可以打電話，贊贊,1,1,1
應該是窮人乍富，好像郊區的拆遷戶一樣 //@老王年方一十八:我其實特別欣賞這支球隊、球員及其球迷身上所散發的天然的不加修飾的暴發戶的氣質！顯得特別貴族，充分顯示了什麼叫小人得志！[挖鼻屎][鼓掌],1,1,1
東西不錯，穿了感覺哈可以，值得入手,1,1,1
[威武][鼓掌]@胡濱微博,1,1,1
答謝會正式開始！楊勇祕書長透露，此次活動源於趙文權校友想做東請校友客喫飯，於是祕書長就毫不客氣的組織了100來位校友來喫飯，哈哈哈哈~~以後校友們千萬別對楊勇祕書長輕易說請喫飯之類的話，他指不定給你帶多少人去！！[太開心][可憐],1,1,1
贊哦[鼓掌],1,1,1
新春快樂老餘！還有朋友們[哈哈],1,1,1
東西不錯挺讚的，物流速度也快次日達。,1,1,1
@喫檸檬沒表情的妞妞 [鼓掌],1,1,1
有理[哈哈],1,1,1
[哈哈] 一致口徑，難得,1,1,1
是真有趣嗒要不然不喝酒怎麼能沉淪[哈哈][哈哈][哈哈] //@evillive要學會淡定:同樣酒精過敏，可是覺得調酒好像很有趣，哎，我分明笨手笨腳，還什麼都想學~  //@那年那月nina:回覆@小西1216:因爲很好喝，要麼我才懶得試呢[偷笑][偷笑]  //@小西1216:哇噻。親。你太牛了。[嘻嘻],1,1,1
醒了以後還得把放鴨子的給宰了呢，滅九族！//@眯?絲馬甲: 慈禧要在的話估計都暈過去了[哈哈] //@藍科爲騎:還是皇家園林提氣//@巴蒂-Goal: 不漏氣了[嘻嘻],0,1,1
水果很新鮮，禮品盒很上檔次！快遞小哥服務態度很好！還會再買的！,1,1,1
經過幾次在保定的住宿和其他酒店的比較，發現中銀大廈應該是保定最好的酒店了。反正對我來說只要去保定，現在這裏就是我的根據地了。比所謂的五星酒店秀蘭飯店要好。,1,1,1
歡迎回家，我不小心把@me藍莓lanmy 鎖在家裏了，你回去了趕緊給她開門放她出來吧[哈哈][哈哈][哈哈],1,1,1
這是我第二次入住這個酒店，感覺服務比前一次差很多，大門的保安沒有幫我提行李，門童也沒有爲我開門。到前臺chenkin的時候也沒有人來接待，等了半天才有一個服務員來接待我。感覺很失望，本來第一次住的時候感覺很好的纔會來第二次入住的，但這次的態度讓我產生了以後永遠不再來的想法。可能有人開到了我的不滿，到房間後有一個好像是客服的人給我打電話問我對他們酒店的看法和建議，我告訴她我的不滿，她連連道歉，說下次一定改進，這樣稍稍打消了我以後不再來的念頭。總的來說，這還是一家不錯的酒店，位置有點偏但很安靜。,1,0,0
發貨很快，配送也很快！價格優惠、實惠！,1,1,1
性價比超高！美髮護髮，首選潘婷！,1,1,1
[嘻嘻] //@SaBijY:[嘻嘻][嘻嘻]//@菜二九:[馬到成功]馬上有粉絲//@linyangyang:快快 我需要//@麗靜說她喜歡你:真的假的?,1,1,1
笑死了 [嘻嘻]//@GoldenZ: 哇哈哈哈哈哈哈,1,1,1
各方面都不錯，剛開始以爲送貨員把發貨單號寫錯了，結果是郵局弄錯了，誤會京東商城的送貨員了，在這裏向京東商城道歉。,1,1,1
用着挺好的，很穩定，就是屏幕看久了會感覺疲勞，比較晃眼。但還是非常流暢的,1,1,1
[鼓掌] 生蠔有木有？看了你就知道[ok] 都太現場烤生蠔哦，想喫多少就喫多少，猶如黃河之水滔滔不絕……哈哈,1,1,1
回覆@開心果秋哥:那必須的啊[嘻嘻][嘻嘻]有空來哈 秋哥//@開心果秋哥:真專業[哈哈][哈哈]//@聚樂部徐鳳坤:這表情[酷] //@楊?-佼佼:學唱最有味兒,1,1,1
速度還不錯，贊,1,1,1
罵得好! [鼓掌],1,1,1
酒店的服務不錯，房間很乾淨。提出要上網後，就給換了個能上網的房間，上網費也沒有收。交通方便，門口就是大連火車站。原本以爲會很吵，可以住在17樓，根本就聽不到聲音。費用方面200多元，感到很值。,1,1,1
非常棒的華爲平板，大小合適，可以通話，正好給送媽媽，把舊的手機升級了。京東物流從下單到家門12小時，贊贊贊。,1,1,1
"機場接機很貼心,前臺也會詢問是否要安靜房.內部設施一般般,洗手檯有些不方便.但是,當天我們是晚上11點到達桂林,工作人員很友好,很熱情.當晚不慎把手機丟失在接機的面的車上.第二天早上還能失而復得.工作人員的這種精神值得稱讚.總的來說,這家酒店讓人覺得很溫暖.機場專線就在樓下,去機場也很方便.",1,1,1
房間很乾淨。餐廳飯菜一般般。可惜沒有獨立的沙灘，需要步行一段路才能到海邊。補充點評2007年12月13日：價格比較實惠。,1,1,1
這顏色說好聽就是巧克力色，說low了。。。就是shi色。。。愛你們一坨一坨好多坨[愛你],0,1,1
我的國外客人十分滿意，我本人對大堂和門童也是很滿意。,1,1,1
懶得成熟！太妙了![嘻嘻],1,1,1
“誠實的”蒙牛，“和藹的”買賣提大叔……這個國度亂了XD誠實的好蒙牛 自黑哈哈哈哈哈哈哈 自黑2333 嗯給自己診斷得不錯啊?,0,0,1
幸虧回到家裏，有令人歡快之極，也只屬於我們的...你你你你你[鼓掌],1,1,1
"這是一間非常不錯的三星級酒店,房間設施和服務員的服務素質,態度等都很不錯,不過就是攜程的協議價格和酒店前臺價格相差不是很多,希望攜程還得繼續努力.",1,1,1
城覓君不是在爲小夥伴們製造驚喜，就是在製造驚喜的路上~~[偷笑][偷笑]偶也好開心能認識這麼多好盆友呢！[親親],1,1,1
回覆 @李嘉音:回來了告訴聲，哥哥們先去拜望下，以後男多女少，找不到老婆，從小就要預定起！[哈哈][哈哈][偷笑] //@李嘉音: 回覆@龔穎Eileen:謝謝祝福，一定找小哥哥們玩兒！,1,1,1
瀏覽圍脖，方眼望去今到處都是莫言的名字和其書的摘要，真心覺得要搞本來看看了，要不以後都不敢說自己讀過書了[嘻嘻][嘻嘻],1,1,1
正是自己不斷追求和傳遞的。。。[太開心][太開心],1,1,1
4月份回青島順便帶朋友去玩的，爲他們選擇的就是該酒店，房間乾淨整潔，但是衛生間的設施太簡陋，房間內有小冰箱，考慮的比較周到，如果衛生間設備好一點就更好了！服務人員的態度非常好，沒有給我們青島人丟臉，電話隨叫隨到。,1,1,1
熱烈歡迎美京城美食達人@韓姐教你下廚房 [鼓掌] 光臨康源軒藥膳，期待您的意見和建議哈[得意地笑],1,1,1
A！姐幾個，湊齊了啊[哈哈] //@辣媽肥婆:D //@黃小不:B  //@北京頹喪女青年:C,1,1,1
"送的太快了,不是說好的十二點嗎,人和人之間的信任呢",1,0,0
臥擦，你們兩個好基友，在搞神馬！！！//@都市放牛: 好吧，統一回答，賤人張代班《非誠勿擾》的首次播出日期是3月2號，也就是本週日。點評風格依然保持賤格，在回答他跟@寧財神 的區別時說：“他有錢，我沒有;他有老婆，我沒有;他長得醜，我沒有!”[哈哈],1,0,1
萵筍和煙筍什麼區別？我點的是綠色的那種青筍怎麼給我送個黑色的請問哪個菜名是砂鍋裏綠色的青筍,1,0,0
從攜程的點評找到的這個徐州最佳酒店。一個字，好！好到我雖然訂了一天，但是實在喜歡，又續訂了一天。從徐州市內穿過，一直覺得城市很一般，跟中國多數城市一樣，幾乎沒有特色。但是轉了一個彎，突然就是眼前一亮。當開元大酒店出現在面前的時候，感覺就是驚豔。大堂很氣派，但是進入大門後你會很難找到前臺，因爲她們都在對着大門不遠處坐成一排呢，就是自認爲經歷無數旅行的我也慚愧了。房間是580的，很典雅，傢俱的設計是蠻有特色的，尤其是衛生間，非常別緻，寬敞、精緻，我感覺是國內這個價位內屈指可數的。房間也很寬敞，如果是三口之家，完全不用加牀。晚上喫飯，LG去酒店飯店點菜，讓送飯來房間，徐州雖然是江蘇的，但是盤子的尺寸已經跟山東一樣了。菜量太足了，絕對喫不完，而且送菜的服務生態度非常好，讓客人有賓至如歸的感覺。總之，真是一個物超所值的酒店，續訂了一天，因爲實在喜歡。,1,1,1
褲子質量不錯，上身超級好看，顯得特別man。,1,1,1
非常和合身，喜歡，質量也不錯，物流閃電快以後還會來你家的。,1,1,1
哇咔咔！！//@劉夢妖妖:哈哈哈哈[嘻嘻] [哈哈],1,1,1
我以前沒有去過重慶，感覺如果是商務出遊選新華是不錯的，房間和環境都不錯，但自助遊可以考慮銀河大酒店，山城的特點就是走路比坐車快，在渝中區平面圖上看似很遠的距離其實走路可能不用5分鐘；新華酒店旁邊酒店可選擇的太多了：萬豪，重慶賓館，銀河，八一...,1,1,1
棋盤曼海姆[愛你],1,1,1
"在經過反覆比較後,我選擇了類似配置總體性價比較高的960,在不考慮國內品牌的前提下,200萬像素的手機裏,到目前爲止960無疑是價格最低的,以下是使用近20天的一些體會,和大家交流.1.自帶鈴聲較小,而且也不好聽,但我在論壇裏下載了一些熱心朋友傳上來的MP3鈴聲後,已把此缺點改進了,在此也感謝那些熱心的朋友們的無私奉獻2.待機時間感覺一般,通常就是2-3天,當然若遊戲\照相什麼都不玩的話,也許會長一點,但花2000多大洋不可能純粹只爲接打電話吧3.室外照相效果還可以,200萬就是200萬的,前幾天和同事出去,所照的相片都能看清,已發了一張在壇裏,大家可以看一下,當然本人的照相技術等於0,所以取景不太好4.在網絡上經常有人說本款機愛死,但20天來平均每天玩半小時左右,到目前爲止只死過一次,不論是國內品牌還是國際品牌,都存在返修率,看來是我運氣好一點5.音樂功能沒試過,本人已有一個可連續聽7-8小時的紐曼MP3,所以該功能不用也罷據.說聽音樂時接到電話有可能會死機,不知是真是假.6.最惱人的當然是350K的傳輸限制了,有時在網上看到一些好東東卻大於350,傳不到手機裏,5555557.機子和PC互動方便,在XP系統下,不用驅動就可以方便使用SD卡和網絡攝像頭,只有一個感覺--爽8,不論是照相還是使用JAVA,總體反應速度慢了一點,不過這也是培養人耐性的時候,哈哈",1,0,1
"酒店周圍的環境不錯,去景點都很方便. 前臺態度不錯,入住和退房的速度很快.",1,1,1
【#超級笑星# 精彩劇照】@白凱南 白教練你這麼妖嬈，身後的賈教練@賈玲 還hold住嗎？~[哈哈]本週四晚《超級笑星》復活賽第二場，“笑林高手”繼續化身教練來助陣，更多精彩不容錯過哦~[嘻嘻],1,1,1
還配上八種不同汁@大嘴嘆世界 [嘻嘻][嘻嘻][嘻嘻],1,1,1
沙發套比較髒啊```不過臥室很乾淨```總體來說不錯啦```,1,1,1
保佑你！[嘻嘻]//@?小皮: 我在單位辦了張飯卡，一次性把私房錢都存進去了，等到用錢時候退卡在辦一張，飯卡還是實名制用工作卡纔給退，而且不怕老婆用我身份證查我網銀剩餘，哇哈哈這下踏實了。[哈哈][哈哈][哈哈][哈哈][哈哈][哈哈]大家共勉吧[給力][給力][給力]@電視劇龍門鏢局,1,1,1
#音樂愛查堆兒#大學畢業沒多久就創立了一聽音樂網，之後各種跨界創業，去年開始拿了一年多的時間，旅居印度，騎車環法，幾進幾齣斯里蘭卡...做自己想做的事，絕對是幸福人生的榜樣！[鼓掌],1,1,1
帥的。 //@張小嘴:回覆@哎喲豬呀:情人眼裏出西施阿 這是[愛你]  //@哎喲豬呀:感覺沒你帥...,1,1,1
這家酒店性價比還是很高的，入住的是行政樓層單人間，給客戶訂的是行政樓層雙人間，酒店內硬件設施很好，免費寬帶上網，早餐豐盛，而且酒店更準備了免費的行政樓層下午茶和晚間雞尾酒，雖然由於時間緊沒有享用到，但給人感覺非常好。員工也很熱情，服務也好。酒店距離地鐵也很近，而且和一家商場緊鄰，購物也很方便。唯一的缺點是我辦理入住手續時，大堂辦理速度比較慢，我排了將近30分鐘隊後被告知是行政樓層房間可以到行政樓層接待處直接辦理入住手續。哎，如果能夠在酒店裏有直接說明就不用排這麼久了。很辛苦啊~綜合評價，我還是比較滿意，尤其能令客戶滿意我也很有面子。,1,1,1
回覆@喬梔子:謝謝妞~不要老熬夜~ //@喬梔子:生日快樂呀呀呀娟兒娟兒 //@雨娟兒:回覆@大馬1984:謝謝帥哥~[愛你] //@大馬1984:美女 生日快樂~~！！ //@雨娟兒:回覆@apple姜曉婕:最美麗的apple~~[花心] 真想嘗一口~~ //@apple姜曉婕:親愛滴 生日快樂,1,1,1
突然發現一個人獨處的時候很容易胡思亂想…是不是應該考慮後路了[愛你],1,1,1
咖啡的確是個好東西！[good] //@藍山咖啡第一人: 看看這個，喝咖啡好處真的挺多的。[嘻嘻],1,1,1
[哈哈]必須的，有事情撥打@七洲網浪俠 電話，據聽說他24小時開機服務哦！ //@七洲網浪俠:機不可失，時不再來啊！ //@七洲網:祝願已經成功預訂的朋友，享受快樂的出國旅遊！,1,1,1
純純的腦殘//@公民大李:我是真服了他了//@太陽的淚花: 水軍的意思你誤會了，他想提示獵豹也出輸入法。[哈哈],1,1,1
回覆@JACKYSTUDIO:[汗]我家小孩啊，和我一樣大 //@JACKYSTUDIO:[嘻嘻] 你小孩多大阿,1,1,1
"客人很滿意,我們也推薦其他同事入住.性價比好.交通方便,離火車站就5分鐘路程",1,1,1
哇[可愛][親親]謝謝大美妞兒，今天在外面，回去看看，哈哈 //@小可疼: @ReneeJY  你的帖子哦..,1,1,1
#雲婚禮#真正地愛情就是，帶上自行車和基本好看的書，到郊外隨便找一片舒服的草地，兩個人靜靜地躺下來看着書，膩膩歪，幸福就是這麼簡單~[愛你],1,1,1
很喜歡，第二個了，店家客服真是棒！,1,1,1
//@西瓜青青: 先MARK上 //@舍廬魚://@文月-苦逼小仙: //@???: 誰負誰勝出天知曉[鼓掌]//@敦堂:牛逼！講着講着，一張嘴就盡人物了！牛逼！//@樂水劉少白: ?海笑~~ //@良司:詠 //@左小祖咒:[good],1,1,1
這麼美的泳池，還不趕緊學游泳！[愛你][哈哈],1,1,1
東西真的是很不錯，每天都可以領很多券，各種活動下來很便宜，京東是大商場，產品質量有保證，這點很讓人放心。更值得表揚的事京東的快遞，真是快，頭天下單第二天就到，很滿意。,1,1,1
親愛的，你來北京，不但包飯還包住包完。。//@zzlzm: 最近都可以打我電話我陪你玩嘛直接過來見面也成說了包飯別猶豫了a快來快來hhhh[哈哈],1,1,1
相當色甜，但個頭確實小。好喫不貴，可以接受。,1,1,1
本月26日，我有幸參加由中國和丹麥農業部牽頭的乳業技術合作奠基儀式。此次合作中心成立，有助於將丹麥先進食品安全檢測及管理技術引入國內，並將丹麥在奶牛防疫、育種、規模牧場建設等方面經驗移植過來。而與阿拉的合作，圍繞“提升安全品質，建設現代牧場”，有助於對蒙牛進行全方位的重塑。,1,1,1
我在北京，居然30 plus，最想去舊金山長呆，呆時間長了是否也可以做出一個facebook來，呵呵。[嘻嘻] 最好兩個人一起去，你呢？（敢帶着你的答案接並轉下去嗎？）,1,1,1
口感很不錯，喫起來味道很不錯，就是有點小。京東購物很方便快捷，第二天就送到了，值得推薦。,1,1,1
#立冬，早安#今天立冬，古時民間習慣以立冬爲冬季的開始。立冬後就意味着今年的冬季正式來臨。草木凋零，蟄蟲休眠，萬物活動趨向休止。人類雖沒有冬眠之說，但民間卻有立冬補冬的習俗，可以更好地適應氣候的變化，增強體質以抵禦即將到來的寒冬。開始貼膘的節奏，記得喫餃子！你好，冬天！[嘻嘻],1,1,1
渺林老師你就從了吧，聊聊薩博(*???*)//@鄧振宇:點一個王渺林老師的行嗎？Saab 可以嗎[哈哈] //@王渺林_易車:我點播Stola，想了解他家的收藏和他手頭的活。當然得@江淮意大利設計中心總經理路迪幫忙牽線。,1,1,1
送的比較慢,0,0,0
整機也算精緻，一來就升級了，目測全新開機，7寸機給老媽用，不用戴老花眼鏡了,1,1,1
剛用兩天，外觀不錯，手感也好；缺點是系統太佔內存，竟然用了8G；分辨率略低，不過也夠用；色素低了。總的說不錯的平板。不知道耐不耐用。,1,1,1
"我是7月5號6號住了兩天,本來是城景房的,因爲我去的時候沒房,給我免費升級到可看到30%海景房,酒店房間還不錯,純白色,交通也便利,酒店下面就有空調旅遊巴士去大東海亞龍灣和機場.去春園海鮮城也很近.唯一不足的是房間沒有浴缸,總體來說還不錯,下次去還會入住.",1,1,1
湖光山色幾乎可以用完美來形容，客房是實實在在的江南木結構民居，非常乾淨，環境保護得非常好，員工也非常禮貌、服務不錯，特別大的停車場，非常適合自駕遊的朋友，其實酒店就在景區內，不過去景區需要買票。,1,1,1
大雨的北京夜晚，我們小夫妻倆個躲在沸騰漁鄉喫水煮魚，今天要的是2斤4兩的江團+配菜，我喜歡喝它家的酸梅湯，花了我400大洋[嘻嘻][嘻嘻][可愛][可愛],1,1,1
4年前住過， 我和德國同事都覺得很不錯。今年我又選了豪門， 還是覺得很好。自助餐品種豐富， 房間寬敞大氣， 寬帶速度很快。 一個字：值！,1,1,1
有幸坐上領導的專車~[哈哈],1,1,1
[鼓掌]我要感謝@Valen_袁已丁 的邀請，也感謝@BJRY-劉洋 邀請丁丁~~哈哈哈,1,1,1
昨天買的，今天就到了，因爲給家中父母買的，怕東西多老人取件不方便，今天聽家裏人說京東小哥送到家門樓下，心裏太高興了，在這裏希望京東能表揚一下本次快遞小哥，他讓我本次購物感覺很好，本來就喜歡京東一直購物，現在我更欣賞。購物的同事還能享受溫暖的服務，京東的快遞服務果然很棒，在此感謝京東，感覺快遞小哥，如此服務真的很溫暖。,1,1,1
#豆果2013中國年度美食盛典# 挑戰你的味蕾，邀你一起選出2013年你最喜愛的達人，投票更有百萬大獎 等你拿，中獎率100%！[花心]即日起關注@豆果網 轉發並@ 三位好友，即有機會親臨現場，更有萬元神祕大獎鎖定你！[太開心]  抽獎戳這裏http://t.cn/8kyIInR [心],1,1,1
非常棒，就是這送餐費略貴。這麼近,1,1,1
最大的特點就是富麗堂皇、交通便利。位置相當好。從地鐵裏鑽出來就來到了太古，被震撼了一把，太古就有萬豪的入口。不論去哪裏都很方便。酒店大堂挑空的非常氣派，一走進來就是5星酒店的氣勢，感覺比國內的5星高了一個檔次。我們訂的海景房。窗戶是三角形的，房間不算大。自動窗簾一拉開，就能看到維港，可惜被一個高樓擋了一半。每天都送水果，來打掃的服務員還會熱情介紹景點。早餐很不錯，可以看到海景。,1,1,1
好可愛的書啊，圖片生動幽默，連我們單位的男同志都喜歡看，呵呵。故事很有哲理，對小孩有教育意義。認同自我，認同世界，是每個人從小到達都必須完成的一項課程。可是並不是每個人都能，所以產生了那麼多壓力和痛苦。中國傳統的教育思想有壓抑自我、框定思想的東西，如果看了這本書，我想大人都會掩卷微笑，多麼好玩的故事，多麼陽光的結局啊。。。,1,1,1
爽爆到的樣子~//@廈門老貓：[哈哈],1,1,1
我先不說蘋果好壞，我要先給我同姓的本家兄弟點3萬2千個贊，幫我從一樓送到六樓，這樣的好員工，是不是應該?！蘋果，也是好的！很甜，唯一小遺憾，太粉！（雞蛋裏挑骨頭，當沒看見！?100分給99分！）,1,1,1
//@劉姐1958: 早上好! //@琳澤斯: //@劉姐1958: 謝謝! //@快樂天山七劍V: 回覆@劉姐1958:[笑哈哈]劉妹開心過元宵哈[得意地笑][喫湯圓] //@快樂天山七劍V: //@老式眼鏡架ky-d: 晚上好！謝謝[給力][鼓掌] //@琳澤斯: //@劉姐1958: //@琳澤斯: /,1,1,1
新年起牀後，來看看猴子哥給大家的新年禮物吧[嘻嘻]人因夢想而美麗～祝大家在新年中實現心中夢想[haha],1,1,1
#維他命正能量# 丟丟丟，我給你送能量來咯~~滿滿的喲！[愛你],1,1,1
#喫貨的旅行# 瑞士特色美食――蘇黎世小牛肉。將切成薄片或小塊的牛肉混合奶油汁和蘑菇、白葡萄酒一起烹飪的美食。味道好極了[太開心]午餐時間又到了！,1,1,1
下集！[嘻嘻],1,1,1
//@商業地產袁雷: 這不是魔都，這只是陸家嘴，就像每家人家的客廳//@KellySH: I[心]SH//@最愛小囡囡: 真心漂亮的上海，值得轉//@KING-君無戲言: 靈額[贊]//@拿鐵媽咪: [愛你]上海 //@啊鹿頭: //@Alex礎強:上海魔都真漂亮[愛你],1,1,1
一直購買，性價比高。一直購買，性價比高。一直購買，性價比高。,1,1,1
貨已經收到 還沒用 感覺還不錯 價格實惠,1,1,1
最近麻煩你多喫幾次哦~開心樂園餐內4個，我也只湊了一個！謝謝大鳥[哈哈] //@爲嘛那麼多人叫叮噹:@邵彬Amy 瞧,1,1,1
[嘻嘻]那是胡總的招聘，小雷出於成本考慮暫時不招聘了。//@柳方春: 如果在杭州，我能幫雷總推薦不少人。//@雷聰_悅遊旅遊網: [酷]我是大專我光榮！//@胡海鋼: 我剛又加了一句：你要覺得自己行，大專我們也歡迎！！ //@雷聰_悅遊旅遊網:[偷笑]我來跟你幹吧，胡總,1,1,1
用了很久，一直用這個牌子，希望能改善一點脫髮情況,1,1,1
野生動物園團購[愛你] //@上海尊尊國際旅行社:@尊旅在線冷亞,1,1,1
宇宙的味道，很好喫！,1,1,1
家庭日，幫太后老爺升級電腦、修理花草／庭院，溜溜幹一天活，期間電視烏拉烏拉的說話，偶爾太后來喂口水[悲傷][悲傷][閉嘴]，累但幸福着。回大農村路上，提及賣掉燕郊，都搬大農村，又被駁回[汗][汗]去昨姐們說的館子喫飯[花心][花心]灣灣，我馬上來啦[哈哈][哈哈][哈哈],1,1,0
回覆@小愛大本事:[嘻嘻][嘻嘻]喝雞湯喫火鍋，人多才熱鬧呀。。。 //@小愛大本事:我馬上找你去，給我留個位置啊，我在平樂園呢,1,1,1
[呵呵]不普洱之戀了，哈哈，應該說對自己好點，你們出去喝普洱之戀才應景[嘻嘻][嘻嘻],1,1,1
洗髮水到貨了，然後今天剛收到的哦好大一個套裝啊，一個人的話一年應該用不完。發紅包給我，可以味道挺好聞的。,1,1,1
Merry Christmas![聖誕老人][聖誕樹][聖誕鈴鐺][聖誕帽][手套][聖誕襪] 順賀粉絲突破1000人[鼓掌][鼓掌][鼓掌],1,1,1
#午餐# 豬皮凍是北方冬季長喫的一道涼菜，豬皮經過熬製，富含膠原蛋白，是女士美容利器，更是大老爺們下酒好菜。在年夜飯的大魚大肉中，點綴這道涼菜，既清涼爽口又高端大氣，小夥伴們快試試吧。[愛你] [愛你] [愛你] http://t.cn/8k0dul0,1,1,1
3月底入住的，是高級房。感覺牀非常舒服，但是電視機有點落伍了，不是液晶的。服務員的態度非常好，而且因爲離溝口很近，應該是去溝口遊玩那幾天的首選。,1,1,1
"從烏魯木齊火車站打的過去11塊錢,在解放北路,離烏魯木齊的二道橋市場也不遠,可以去買乾果,也可以去一些特色產品:陶瓷,地毯.但是路上得小心維族的檫皮鞋的小青年,被他們檫一次據說要200塊錢,所以,那天我看見他們往我鞋子上油後,趕緊快跑,他們也追,我就攔了一輛的士.酒店的各項條件不錯,我去的時候,是通過攜程預訂的,前臺告訴我,你其實可以不用通過攜程的,我們可以直接給你攜程的價格房.所以,感覺攜程在價格上沒有任何優勢.不過200塊錢住四星級豪華標間,真的很值的.去機場打的要45塊錢.",1,1,1
剛收到，產品外觀不錯，是真是假要用後才知道呢！特別要說的是：快遞員態度特好，贊一個?,1,1,1
到早了，一進門就遭遇奇怪的檢查，準備迎接各種高難度的重重安檢[暈][嘻嘻],1,0,0
[抱抱] 謝謝我們的美女主播@鄭琳-SMG 出席#金蟬脫殼#昨天的首映儀式~,1,1,1
美人如花隔雲端――致伊莎貝爾?阿佳妮~~[愛你]【私享穿衣顧問微信：FashionTalent33 】,1,1,1
知道袁卓越是誰了 [嘻嘻],1,1,1
回覆@張之泓:[哈哈]是呢，做比說什麼都重要。[握手] //@張之泓:北京獅子會就有一個光華隊，幾十人。我們都在努力 //@楊曉燕: 回覆@楚客-明月天心:[哈哈][握手] 你怎樣，北大就怎樣，中國就怎樣。今晚的正能量，謝謝你。 //@楚客-明月天心:我們本週六日去襄陽宜城支教,1,1,1
回覆@劉婷婷Anita:定襄的 //@劉婷婷Anita:您也是陽泉的？ //@哥哥我要走西口:回覆@劉婷婷Anita:小老鄉啊 //@劉婷婷Anita:哪有豔陽？[嘻嘻],1,1,1
//@碎糖好漢: [哈哈]//@蒙着小布上飯桌: 噗~~//@一起來邪惡: 眼藥水用多了長不高~有圖爲證。,1,0,1
想要機模？想喫月餅？兩個都想要？#昆航萬人登月計劃#讓夢想#啓航#，本輪抽獎的昆航中秋特色禮盒是雲南老字號曲靖月源火腿月餅+昆航波音737機模，送家人，送朋友，送自己都合適，快來參加吧~[親親] 明天是本週唯一的假期，提前祝大家週末愉快~,1,1,1
味道還可以，清香型，份量足，大品牌，我喜歡,1,1,1
發貨速度物流都很快，賣家態度好，寶貝質量不錯，質量好，做工精細 。面料舒適， 穿着大小合適。 非常喜歡，支持！點贊！,1,1,1
不錯的選擇第一次購買平板送貨速度用幾天在曬圖片啊,1,1,1
這個是不錯的萍果，直得買，個頭還好，有萍果味，跟新鮮的無差別,1,1,1
第二次入住，酒店的花園比1月份來時漂亮多了，到處春意盎然。散步期間，鳥語花香，沁心醉人。上午在酒店小溪釣了半天的魚，收穫頗豐；下午去高爾夫訓練場練了半天的球，腰痠背疼；晚間享受了酒店的桑拿和足浴堂促銷套餐，精神氣爽……，短途休假值得去。,1,1,1
回覆@中青旅:舉雙手雙腳感謝著名編輯哈！！！[太開心] //@中青旅:小編雙手雙腳歡迎1039著名主持人加入現場，不知道您有空來不？ //@1039志梅: //@藍色幽靈: 加油 //@一起開心暢談: [耶][ok],1,1,1
突然想起很多年前，那時候還在讀小學來着，記得有次參加作文比賽，然後題目就是《父與子》裏的組圖。很經典的看圖說話啊~那天看到這本書，就突然就想起這段陳年舊事了，童年比起現在的生活美好多了哈~~~有種很溫馨的感覺，這大概就叫“親情的力量”了吧……果然，越是平凡的，反而越打動人心呢，不是嗎？,1,1,1
性價比真他們高。。。。夠味還脆,1,1,1
//@小普子EMMA:// @spring-rose :[嘻嘻] //  @小小魚大人  ：我愛的！ //  @小普子EMMA  ://   @milk不能喝   ://   @?珊傍水   :轉發微博,1,1,1
房間很好，我的客人很滿意。電視、地毯、大牀等等我的客人見了都感覺很好,1,1,1
不等到老了以後在七星酒店刷假牙。[哈哈][哈哈][哈哈] 嚴重同意此句。[good],1,1,1
沒有寫字檯，電視劇旁邊那點空間太小，明明房間裏有空間，爲什麼不放張寫字檯？,0,0,0
看着還不錯 還沒穿過 希望質量會不錯 期待,1,1,1
昨天已立夏，這幾天30多度，冰淇淋的季節到了！[耶][鼓掌]   #WeicoPintu#,1,1,1
還不錯就是有點貴。一直喜歡京東購物,1,1,1
頤和園、我有多愛你啊、[愛你][愛你][愛你][愛你][愛你],1,1,1
總體感覺不錯，作爲休閒度假還是很好的選擇，度假山莊的環境很好，但是攜程提供的選擇太少了，只有標雙，實際上就對應山莊裏面最差的一種房型（A開頭的），事實上還有B和C區，房間會好很多，特別是C區，還有臨湖的私家草坪可以用，建議攜程以後提供另外兩種房型供選擇，要不就只好直接找酒店區訂了。另外攜程在自由行攻略方面寫的針對性不夠，太多肇慶市的東西，對山莊的介紹太少了，我們去了才發現有南門和西門，南門進去的做船的時間較長，而且返程的船比較少，很不方便，而西門就方便很多，可是我們進去才發現，但車已經停在南門了，所以比較鬱悶。特別要提的是，山莊的擺渡船發動機的聲音實在是太大了，所以，坐船絕對不是享受。喫飯方面，就像前面有人說的，價格偏貴但味道不錯。服務方面，客房服務相對差一點，其他（例如：接待、船務、餐廳、表演等）的服務態度很好。最後想提下停車費的問題，不過夜5元，過夜20元，覺得不太容易理解，照道理住宿了停車費應該優惠或者免費嘛，結果更貴。。羅嗦了一大通，就到這裏吧，還是要說一下，景點風景還是非常優美的：）,1,0,1
謝謝呃，被欺負習慣了，送一本吧。[親親],1,0,1
京東一如既往的快 ，給個贊? 。 也是忠實老用戶了。， 雖然也還只是銀牌！ 繼續支持 京東。。,1,1,1
[哈哈]正解！正解！[嘻嘻]牛腩君說話算數，快快挑一個最想呲的私信給牛腩君吧！//@cornelia_柳溪溪選擇恐懼症:挪威薄霧三文魚 青青子矜 巧克力熔岩火鍋。。。。好久沒去啦[淚],1,1,0
剛收到貨，還沒有用戶，有活動買的，價格比較划算，一直比較信賴京東.,1,1,1
回覆@sensentzy:吉利的數字。[偷笑][蛋糕][哈哈][愛你] //@sensentzy:徐大夫，我是您在天使婦兒看的1366號，第一次促排就懷孕了那個，向您報喜，6月8號生6斤6兩一閨女，現已滿月@時髦徐老太,1,1,1
第二次住，定的時候明明是588含早的，結果到前臺說是518不含早的，不過影響不大，其他都還好，總的來說性價比不錯。,1,1,1
暫時還沒用呢！畢竟超市買的應該不會是假的吧！,1,0,0
#日本新奇事#京都特產定番的八ツ?，最近推出了動漫人物包裝，老鋪也換新顏了！??院八ツ??本店，8月份開始推出了用「劇場版 薄?鬼」登?人物作爲包裝紙的八ツ?，銷售極好。此次換顏是爲了配合京都動漫節，同時也爲了另開銷路，打開年輕人的市場！嗯，去京都的朋友不妨找找看哦！[抱抱],1,1,1
這個適合拍照~[哈哈],1,1,1
還沒用 肯定是正品啦 比超市便宜 而且還送貨到家 速度這麼快 沒有理由不選擇京東啊！,1,1,1
[嘻嘻],1,1,1
贊一個，華人過去不關心政治的毛病太嚴重了，居然連華人議員都敢堂而皇之的投嚴重對華人不利的議案。通過社交媒體的組織，華人終於也進一步參與公民行動了[鼓掌],1,1,1
歷時七個月的漫長等待，終於再度回到我的手中。來自香格里拉石卡雪山的明信片，讓我重回那消失的地平線，重現那心中的日月[愛你],1,1,1
[哈哈]//@姜汝祥: 把自己賣了還數錢的，均爲五毛，比如大學中的大部分學生幹部//@億彩地坪科技:看了太多的關於五毛的，確認下五毛是哪個嗎？,1,0,1
這玩意我推薦！你還真別說，小日本的這電磨還是很精細的。你說的直接進口的，電壓是110   V的，需要加一個變壓轉換插座！//@精品咖啡匯:我有2臺紅色的，日本直接進口，4500一臺轉讓。[嘻嘻],1,1,1
[哈哈][哈哈]//@衣錦夜行的燕公子: @易小術 哈哈哈哈哈哈哈//@頭像即遺照:每次去飯館喫飯，大家抱怨菜淡的時候，陳歐都會講“我是陳歐，我爲自己帶鹽”,1,1,1
省委書記推銷＂河南好看＂，河南旅遊部門和企業可以跟進大力營銷，向大家亮出＂哪些好看的＂，並推出措施＂吸引大家去看看＂。@河南旅遊官網  @河南雲臺山風景名勝區 //@中頻爐周代:[哈哈][贊] //@楊建國: “東北太冷，廣東太熱，北京太乾，河南正好！” 哈哈,1,1,1
罪惡之城[嘻嘻][嘻嘻][嘻嘻] 我在這裏:http://t.cn/z8GProZ,1,1,1
想起大學時林老師幫我們排獨幕劇的時候林老師投入的眼神，哈哈!想念您林老師，永遠支持您![鼓掌][鼓掌][鼓掌][鼓掌][鼓掌][鼓掌][鼓掌],1,1,1
城市有你真好！//@Joseph王藝:第一次來濟南演出，興奮到爆！[嘻嘻][嘻嘻],1,1,1
班尼路/Baleno夏男裝 純棉圓領短袖t恤男 小清新韓版潮流純色體恤 01W漂白 XXXL。這款衣服是棉的。己經是第二次購買了,1,1,1
[哈哈]//@09高二2雪曼: //@賈洪飛的blog: [那一抹動人的風情] 走進車師古道，也就走進了歷史。車師古道跨越天山南北，是一條有兩千多年曆史的古道，沿途有古代堡壘遺址、烽燧、石人等人文古蹟，也有石門、天橋、瀑布、溫泉、奇樹異花等自然景觀。非常的美。,1,1,1
汗又多個外號！ //@獅子座常藝博:他是洗浴城裏的神獸[嘻嘻] // @粉紅朱 : // @VTM小宇宙萌 : 都是都是！哈哈,1,1,1
今晚21：10分#中國夢想秀#繼續開啓追夢之旅，親們期待夢想秀的同時也別忘了#帶着微博去圓夢#喔~[親親]@波克甜心 給我們一種頓悟的感覺，其實父母的嘮叨是一種幸福，週末親們別忘了回家陪父母喫頓飯！@LOVE-NBA-籃球-達人 的夢想是給他人帶來正能量，夢想君相信只要努力一定能實現~http://t.cn/zRz4bge,1,1,1
游泳池和健身房還不錯！工作人員的態度也挺好。,1,1,1
裏邊也很絢，歡迎去參觀[嘻嘻],1,1,1
[蠟燭][傷心]//@任程偉: 哀,0,0,0
這次買的洗頭之後起老多頭皮屑了，懷疑是假的,0,0,0
太坑了，剛買就降價，還一下降了20，找客服都找不到，500毫升的還是加量不加價？,0,0,0
前臺處理事物效率低，酒店Wifi不能用，酒店裝修噪音大,0,0,0
充電時操作平板特別卡頓，有時候點屏幕都沒反應。,0,0,0
這個火龍果就比獼猴桃大一點點，一點也不甜，真是讓人不開心。一直信任京東，真失望,0,0,0
G 105M顯卡還是弱了些，ATI HD 4570會強些。現在DDR3內存偏貴，等它價格降下來再加內存。,0,0,1
[傷心]完，本部門睡眠障礙症候協會歡迎你！會籍諮詢請按1找會長 @傅小羊同學，會費諮詢請按2聯繫 @小豆冰棍J202 同學，極效催眠治療（有風險）請按3請 @糾結的禿子 同學動手，善後事宜請在治療前按4聯繫 @不實名趙小瑩 同學。,0,0,0
回覆@於小花:節哀[淚] //@於小花:[淚][淚],0,0,0
今天收到@P1CN 快遞來的INTRO 2012的票 拆快遞的時候 一激動把票給剪了[衰][衰][衰]你們還能讓我進去吧？[汗][汗][汗] 我他妹的真是太有才了。。。@七叔重口小清新,0,1,0
服務態度非常差,0,0,0
這家的蘋果真呢爛 全部都奄了 一點都不新鮮,0,0,0
可能是因爲6芯電池的關係，還是比較重的，感覺比12寸的x61重 買的linux系統，裝回xp累死了,0,0,0
11點半定的餐，13點10分才送到，打電話催單，答覆是配送員不熟悉道兒，喫的整個是冷餐，不知道留電話是幹什麼用的，配送員還把收的錢放在我的餐袋裏，與餐巾紙放在一起，可見衛生意識太差了。,0,0,0
只想說一個字，卡,0,0,0
這世界如此悲慘是我們必須樂觀的唯一理由 //@枝子吱吱吱:哭着把這本書看完了[淚]我一定要認真地活//@作家陳嵐:回覆@多好的名字啊:認真地活是一種高效人生。 //@多好的名字啊:看得人哭的稀里嘩啦的，雖然沒有勇氣做到您那樣活的那麼認真，但是很佩服和尊重您。希望陳老師多保重身體，每天開心,0,1,0
＜西遊記＞應該列入少兒不宜！各種女妖誘惑唐僧，妖氣沖天，讓偶怎麼跟小盆友解釋？想換臺，難哪，種麼辦？！[怒][抓狂],0,0,0
//@南宮之南: 聽意思 說打電話給保衛處 可以判斷打人者應該是林大內部人士 //@大仙山廣播站: 的哥 //@叫我黃3爺:北京啊北京//@北京朝陽亞楠兄: //@北京-巫門遁甲: 又他媽東北雜種操的，這種東北逼就該直接揍 //@Fakuman:必須嚴懲兇手。[怒] //@楊梅竹貓HAM:操 //@北京的老派瑞:亮了！又是東北口音！,0,0,0
"好中意睇肥師奶的“食便D”,集集睇曬的話應該夠我反轉兩父子的胃[偷笑]可惜我木時間…[衰]",0,0,0
長城寬帶真的有50M，據說還有100M[衰]1080P的在線觀看可能指日可待了,0,1,0
中大終於做了件讓我感動的事兒，宿舍旁邊食堂有星巴克兒喝了，我要哭了[淚].... @hytomi @郭燕娃,1,1,0
雖說我根本不在乎這什麼伊利蒙牛長富三元的，好喝喝不死就行，今晚口渴纔剛跟同學拿了瓶喝。可你蒙牛特麼太坑了把？找了這麼多五毛來黑博主，搞啥？當我們白癡？大企業坦坦蕩蕩咯，像你現在這樣誰敢信你？誰能相信一個爲達目的不擇手段的企業@蒙牛微客服,0,0,0
夢到今天去找黃牛大叔拿演唱會門票，結果先是告訴我沒票了後來又有了只不過位置奇差！剛想拿貨有個妹紙跳出來阻止我說不要買！都是假票！然後演唱會就開始了但我沒進去。。。[淚][淚][淚]嚇醒了以後發現我的枕頭已經不見了，我的睡相早就隨着這跌宕起伏的劇情變的七扭八歪了[衰]嘉哥今天一定要等我啊！,0,0,0
網上看到的一首詩《但你沒有》感動cry。。。[淚] （肥啾榭一）,0,1,0
淚流滿面[淚][淚] //@陳小西821:在我們現在看來的很多＂感動＂之前一定經歷了一萬個＂值得嗎＂[心],1,1,0
今日菜有些鹹,0,0,0
只要一回家洗完澡，打開電腦。就會把之前計劃好的事情全都放棄。哎~[衰],0,0,0
回覆@DM0898:[衰][衰] //@DM0898:回覆@新浪海南:車子撞成這樣，還沒安全氣囊，王先生居然沒事！？王先生質量真好。。。。[挖鼻],0,0,0
哪位治痘達人能告訴我如何能治好我臉上的痘，無了奈了！[淚][淚][淚][淚][淚][淚][淚][淚][淚][淚][淚][淚][淚][淚][淚][淚][淚][淚][淚][淚],0,0,0
發貨很快，給13歲的男童用了這個頭皮宵非常厲害，後來改用蓓氏的就沒有。難道是不適合？後來我試着用了幾次，頭皮宵也是很明顯。,0,1,1
我看像超級打手[哈哈]//@侯寧:超級打滾機？[暈] //@北大總裁班商學網:中國網友吐槽“超級打捆機”居然只有“20多萬美元”。實際上是對美國競選籌款最基本的規定也不瞭解的反應,0,0,0
不能更慢了,0,0,0
我是冬至這天入住的，到了酒店就渾身不舒服。酒店有2個門，感覺很怪異，電梯裏的燈是暗暗的，我住商務房，一進去就感覺有寒意，怎麼看怎麼不舒服，後來就換房了。和我一起的有6個人，其中4個和我一樣感覺很怪異，後來我們都不敢單獨睡，要了雙人房睡。客房的設施也是給人很壓抑的感覺，電視機櫃象個大箱子，彷彿隨時有人從裏面走出來。櫃子和牀頭各有2個大大的黑色圓球，好像眼睛盯着你。一個同事說，她房間的燈罩居然是黑色的，燈光一直很暗。,0,0,0
"福山交警提醒您:十次事故九次快,摩托車族當自愛!騎摩托車腫麼了?[抓狂]",0,0,0
[偷笑]時間不等人，美食莫糾結！//@dolphin-nana:好想喫這個騰雲駕霧的涼麪[抓狂][抓狂]它還倒計時，壓力好大[喫驚] //@雕爺牛腩: [酷]雕爺出品，必是精品！「冰火島?深海龍蝦手擀涼麪]上市僅四天就各種好評如潮！[害羞]距離停止銷售還有71天，不要以爲時間很長，它可是不等人的哦~,0,1,0
溜肝尖硬的和烤老的板筋似的,0,0,0
+_+*不想看到的人。。。回來咯！[抓狂]我要隱身！！,0,0,0
哥要挺住！[怒罵],1,0,0
@掉鏈子的茅爺爺 人家食堂晚飯都喫好出來一波人了。。。我等的花也謝了[傷心] 六顆星能開快點嘛[悲傷],0,0,0
還有上海滴朋友踊躍參與，好感動ing[淚][淚] 下下大噶支持吾哦～～[抱抱] //@徐家彙路濟亞: //@徐匯大堂的金-同心合一: @粉紅小德肋撒_同心合一 @徐家彙路濟亞 @張家花圓0911,1,1,0
承蒙領導惦記啦[抱抱]，可惜不能跟大家同去北戴河拉練了[淚]祝大家喫好喝好玩好[鼓掌]@黃莊老王  //@黃莊老王: 給@陳雨星-精品購物指南 主編祝壽了！[蛋糕]@郭大俠在桃花島  //@顰顰有禮:很好喫的，而且餐具也漂亮。。美食美器！！！//@精品樂活志: 真吉利這日子//@桃格尼尼: 喵喵~主編生日快樂~~//@郭,1,1,0
機場中轉酒店， 價格稍高， 主要是周邊配套很欠缺， 晚上到店的附近即無飯店餐館， 也沒有商業設施， 不方便。,0,0,0
"選擇宇卷是一場發了瘋的訂餐.不管輸贏我也只會瘋這一把.,by一位被牛皮紙袋欺騙的買家",0,0,0
#蕾女心經#路過旁桌一對情侶在共進晚餐，真想衝過去把蘑菇奶油湯打翻，然後痛快的放個屁，讓你們浪漫、讓你們調情！馬上過清明節了知不知[抓狂][抓狂][抓狂]給我兩塊芝士蛋糕！我要喫雙份！帶我情兒喫一塊兒[酷],0,1,0
就一點牛肉醬一點味也沒有，，太差了,0,0,0
沒老婆，誰愛我[淚][淚][淚],0,0,0
然後呢？[暈],0,0,0
"此酒店再次令人失望,2年前住過此酒店,當時給我感覺很失望.今年四月再次入住,更加讓人失望,房間傢俱更加破舊,自助早餐,中餐難以下嚥,一共住了4晚,其間一晚還趕上停電2次,那個黑呀,好象連防火應急燈都沒了,當時真替電梯裏的人擔心,結果酒店沒給任何解釋和道歉.結帳時又被莫明奇妙的要收視頻點播費,跟他們據理力爭,結果前臺那小姐冷笑的看着我好象我點播了什麼卻不承認,我心理話,就你們那破電視,屏幕都不如我手提電腦的屏幕大,值得我點播視頻嗎!好在,最後取消了此筆費用,但被他們冤枉,很讓人不舒服.唉......住過很多酒店,此酒店人讓我印象深刻........賓館反饋2008年5月1日：首先對停電事件表示歉意,此次停電爲突發事件,酒店在5分鐘就啓動了備用電源,但只能提供應急電梯及應急燈,一個小時後將電源切換至其它電路恢復供電,沒有像客人所說的停電兩次,視頻點播爲電腦自動記費,觀看影片超過180秒後自動記費,電腦顯示了點播時間和金額,但是客人拒不承認,後大堂經理將此筆費用免掉,客人用了MINI吧內一塊巧克力,後又從外面買回基本相同的一塊,在服務員查房時發現,因不是酒店提供的食品,爲了下位入住客人安全,不能使用此食品,要求客人付費,客人拒絕付費.",0,0,0
今天是國際睡眠日，但願今晚不失眠[悲傷],0,0,0
餃子姐看上這個茶臺了[抓狂]，是定呢？定呢？還是定呢[抓狂][抓狂][抓狂],0,0,0
我朋友在店買的*還送的充電寶和耳機，哎我買貴了，一個東西真不值呀,0,0,0
都漏了，能不能走點心呀，京東的第一個差評就給你了，大寶貝，再來一瓶的話可以消差評,0,0,0
質量還可以，價格跳動太大，幾個小時虧了三十多,0,0,0
設施老 牀頭插座都沒一個這個受不鳥,0,0,0
現在兩瓶啤酒就倒下了，不能再喝了、絕望了[怒罵][怒罵][怒罵][怒罵],0,0,0
東西不錯，給滿分，但是物流必須給差評，9號晚上11點下的單，選擇10號晚上8點以後派送的，結果一直到11號下午才送到，我看了下發貨的是蘇州倉，目的地是上海嘉定。這種物流速度，還能體現京東的優勢嗎？不是和*差不多？既然這樣爲什麼還要選擇你呢？,0,0,0
[淚] //@大連戰士：大連人想念薄市長時代啊。看看今天急功見利的大連官員，幾年就大連造成這樣//@幸福大連：原來，老闆娘已懷孕5個月了，肚破腸流，橫屍街頭。老闆頭部中刀，截至現在還在醫院搶救，目前兇手已經自首。大連啊大連，你到底是怎麼了？天災人禍你都佔齊了！！,0,0,0
眼睛乾澀的厲害，哈氣連天[暈][打哈氣][困] 一點精神也沒有 唉，週末還要堅守崗位的孩子真是傷不起[悲傷],0,0,0
近來課N多présentation也多， 我又回到了sandwich(早）+pizza(中）+意大利麪（晚）的惡性循環了~~~~(>_<)~~~~ [淚]  懶得拍照，就拈來網上的photo吧~,0,0,0
差勁，洗了容易油頭髮還長頭屑，假貨,0,0,0
一般般吧 不怎麼透氣,0,0,0
設施陳舊，前臺服務員一點笑臉都沒有，如果不是爲了趕早班飛機真是不會住這裏,0,0,0
遵命啊胡總，默默睡去[哈哈] //@風華正胖:碎覺，把小鳥找回來。////@茉莉香片1982: [怒][怒] 壞人！//@風華正胖:你的青春小鳥一樣不回來//@茉莉香片1982: [右哼哼][左哼哼] 怎麼就妖媚了，明明很青春//@風華正胖:妖媚//@茉莉香片1982: 貌似又是[思考][思考] //@張曉蕊rry2:頭像不錯，又是我拍的吧//,0,1,0
又小又醜 同等價格可以買市場上最大個的。一點也不值,0,0,0
誰呀？大年初三讓我們重溫這份感動，不要太浪漫吧~~~//@倔強的壞方塊: //@王秀芬1024: //@1039志梅：好好感動，冰上的幸福，純潔的幸福，用十八年做開始，相信未來... //@傻孩子陳小mo:我哭了……好感動啊，終於把脖子上帶了很久的戒指戴在了她的手上，祝福祝福……哎呀呀，好幸福……[淚] [淚] [心],0,1,0
[哈哈]//@madmadmadmad: 試用東北話譯一下：只要你還在哪疙瘩活着，我這輩子和誰過都不敞亮//@Amani_Clover: 只要知道你還活着，我這輩子和誰都過不好了[哈哈][偷笑] //@北京華氏三十二度:知道你還活着，我這輩子就過不好了。 //@madmadmadmad:思來想去，翻譯不好這句情話[淚],0,0,0
#巴厘島# 這份印尼雙人套餐要49萬（當地貨幣，呵呵）但是兩個人真的喫不完吶[抓狂],0,0,0
指甲刀找不到了的人表示日子沒法兒過了[怒],0,0,0
#三亞君然溫泉度假酒店#[淚]@100T陳麗。。。哥哇！！少了一個字世界就變了哇。。部門裏炸開鍋，話說選第四個小寵就能幸運獲獎，看到這個中獎通知我飆淚哇!到底是開心還是繼續把心懸在半空靜候佳音呢？,0,1,0
大號手機，啥也沒送，有點坑，價格高了，能在低點嗎，支持國貨，但是你要對得起消費者,0,0,0
?慕妒忌恨！！[淚],0,0,0
送餐員給我打電話比較粗魯,0,0,0
#霍比特人1：意外之旅#等着看2，legolas你比你爹都老啊[抓狂]但是jq神馬的還是可以腦補美好的[心] 我點評了http://t.cn/zQoA8MD,0,1,0
收了留看，要是有空的話[淚],0,1,0
這叫好消息[怒],0,0,0
速度很跟烏龜一樣,0,1,1
C盤太大，不過可以從網上下載軟件AcronisDiskDirector10.rar來調整分區 標稱320G，不過我只見到298G（C 288＋D 10），其他的沒見到,0,0,0
天已經黑的很徹底了；堵?也堪比首都啦[暈] 我在:http://t.cn/zjxePOE,0,0,0
也是超???好食！ //@Lavenus-L:!!!!超???想食！！！最?意食西多了！哩?D西多超唔正宗，??整得好食[怒]//@MingWong??明: 好想食呀[饞嘴],0,1,0
被媒體吹得華爲是個偉大的公司，我看十足是一個垃圾公司，是一個騙子公司。要買這款手機的得小心被騙了，不要相信這個手機是雙卡雙待雙4G和可擴展容量到128G的,0,0,0
書內都是大實話，平時生活中可能大家都知道，但切實實行的很少罷了。書不過做了些歸納、總結，看不出新意。整本書我只翻了1分鐘。,0,0,0
不值，超級小，一口恨不得咬掉一半，再也不買了,0,0,0
要不是因爲能更熟悉地看張愛玲的書，我不會翻開這個男人的書。要不是爲了更加心安理得的瞭解張愛玲，我不會看這個男人對張愛玲的見解。所以，買了它只爲了別人,0,1,1
妞兒你該美白了[淚],0,0,0
放在心肝內 總有一天//@家家_不在家: 甘願來作憨人 //@五迷之家:放在心肝內 總有一天 [淚][心],0,1,0
[淚][淚]我的最愛 可惡 就不能積點德嗎[怒],0,0,0
好吧！[抓狂][汗] //@清土:“真美！”大姐你是說後面的路燈嗎？哈哈//@文姬之談: 真美！[偷笑][偷笑] //@忽然壹生:@文姬之談,1,1,0
#開飯早安# 壞消息，今天上班[衰] 好消息，後天又放假了[嘻嘻] 各位早啊~,0,1,0
沒味，肉和菜切的塊很大，沒有醬料乾巴巴的，餅是那種跟喫烤鴨或者京醬肉絲時候的那種餅一樣的，不是烙餅，總之不好喫。,0,0,0
[淚] //@嘻哈包袱鋪苑欣:好感人~~向狗狗致敬~~ //@冷笑話精選：可憐的狗狗。。。[淚],0,0,0
[睡覺][抓狂][暈]熬夜真不適合老年人啊，喫不消。。。,0,0,0
確實不太像三星的，不知道信陽其他三星酒店怎麼樣。補充點評 2008年3月13日 ： 傢俱比較老舊，不太喜歡，而且空調也不太好。,0,0,0
我訂了二個房間。酒店隔音太差，夜間此起彼伏的開門關門聲、其它房間的門鈴、電話聲、走廊中的交談聲。。。聲聲入耳！這些聲音剛停歇，凌晨馬路上的拖拉機、大型車輛又開始行動。整晚只睡着三四個小時！攜程訂房，酒店開始預留的是朝內院的窗外有大型空調機組的房間，看了前面網友評論，怕卡拉OK吵，才換到了朝馬路的房間，結果還是這樣，強烈建議朋友們不要再訂這個酒店。同時地毯髒得出奇，上面有各種液體留下的印記（包括嘔吐物）。房間還算大，牀也不小，這是它的優點。另外從酒店向東二百米處，位於錢王街與蟠龍路口有一家叫豪頂的飯店味道不錯，價格也不貴，我們五個人點了十個菜、二瓶啤酒一大瓶雪碧才三百多元，還喫到了幾種野菜、土雞等。臨安大酒店看樣子不錯，下次可試試。,0,0,0
無語！無語！,0,0,0
垃圾 太失望了 炒作,0,0,0
一代不如一代//@陳寶存:老人家對中國看的很透。//@中博會老楊: [淚][淚][淚] //@侯寧:沉默就是河蟹。,0,0,0
騙子，買的時候明明就是買二送一，結果賣家賴皮，說根本沒有這活動，而且衣服變形，只能當睡衣,0,0,0
過海關了。。。但願飛機上有好喫的。。。我餓了[暈],0,0,0
褲子垃圾。讓人太失望了！太失望。太失望，說三遍,0,0,0
夾肩，不好，做工不平整，根本不合身尺寸偏小，一點不好看,0,0,0
本單實際送達時間爲20:47以後，我在20:46時點催單，提示說訂單已送達，還沒有送到卻說訂單已完成，披薩涼了，芝士都基本處在固態狀態喫的，肉醬面也是涼的，也沒有給我們拿餐具，只能我們自備叉子。不懂送餐小哥這麼長時間都去幹嘛了。雖然他很辛苦，但是對這次送餐真的很不滿意。差評,0,0,0
臥槽！！！！男人也太不是東西了。 //@菩提幻海:[哈哈]說出了男人們的心聲兒[抓狂][鼓掌],0,1,0
連續三個週末都怎麼回事？[淚]煩！,0,0,0
距離機場還比較近，但是客房是點式住宅式的，麗景房房間非常小，衛生間馬馬虎虎，熱水還不錯。房間設施及裝修感覺均比較陳舊，衛生狀況一般。號稱的室內恆溫游泳池不開放，我游泳衣都帶去了。晚上一直有客人在旁邊房間吵鬧，總的環境較差。,0,0,1
[淚][淚][淚] //@十年奶奶:人格,0,0,0
《頻率》，這是個神馬戲……看得我渾身直癢癢[抓狂]還這麼能演，大半夜的從大隱走得幾點到家啊，嗷嗷,0,1,0
//@蜜桃兒丫頭://@小西天愛國安的KOP-YNWA://@FrankJYF://@安菲爾德的火燒雲://@陳博思_ChenBosi: //@黃鐵鷹://@作家謝宏://@楨理: 啊！！跪求大家轉發，這是我北京文學的編輯。跪求！！[淚]@平安北京,0,0,0
差評，哪個接口一按就往外冒洗頭膏，洗頭膏味道也不對，包裝也跟圖解上不一樣差勁?，,0,0,0
回覆@匪類也柔情8866:哎，已經夠二了[抓狂]還說我//@匪類也柔情8866:[懶得理你]我的左手食指指甲被切掉兩次，那是因爲切菜走神了，你這，只能用二來表示憤慨了！//@無須豆蔻:回覆@匪類也柔情8866:[抓狂][抓狂][抓狂]//@匪類也柔情8866:[怒]二，小心感染,0,0,0
16400平，中赫拿下！一般二般的真看不懂！[暈] //@騎驢去看丁寧拿大滿貫:看最後如何收場！ //@玩腳丫: 怪不得要提前限價呢 //@嗨辣老孫:這種拍賣，太他媽的中國特色了！[汗]  //@王巖52377-地產:中赫說他們只做豪宅。期待着他們的“嚎宅”,0,0,0
[蠟燭][蠟燭][蠟燭]好喜歡這個老爺爺[淚] //@二小要收復臺灣:[蠟燭],1,1,0
東西都是爛菜葉，難喫死了,0,0,0
回覆@匪類也柔情8866:[抓狂][抓狂]超級過敏//@匪類也柔情8866:[陰險]我知道你對這個表情過敏//@無須豆蔻:回覆@匪類也柔情8866:又是這樣的表情[抓狂]//@匪類也柔情8866:[挖鼻屎]//@無須豆蔻:回覆@單品咖啡李顏2013:[害羞][害羞]是呢//@單品咖啡李顏2013:嘴和肚子不慚愧就好[哈哈][哈哈][哈哈],0,0,0
[淚] 單身，舉手//@楊碧霞Caca:手腳都舉了。。。// @瓢蟲小姐金小牛 ：舉腳。。。 // @耳朵一新 :舉手 // @心理學幽默笑話 ：單身的舉手~,0,1,0
兒子感冒發燒，咳啊咳，略一間歇，我趕緊問“有痰嗎？”兒子搖搖頭不語，可是我明明看見他的嘴在嚼啊嚼~~~崩潰呀！！[抓狂],0,0,0
這輪兩個1:3…一個1:5…[失望],0,0,0
"根本沒有激起讀它的興趣,宣傳的有點過!",0,0,0
"濟南已經銀妝素裹,剛纔已經給老婆打電話,那時還沒下雪,說是應該和平時差不多時間回,看來老天爺不給面子啊!比正常時間已經晚了接近20分鐘.祝我老婆平安到家!!![抓狂]",0,0,0
房間老舊，空調聲音大，不推薦,0,0,0
今天和家人吵架，沒時間碼字，爭取明天能補上。ps，我需要你們的安慰。[淚],0,1,0
真垃圾 剛買回來洗一下就開線,0,0,0
無恥[怒]//@嘉美貓: 這還需要鑑別？凡是討飯討錢的肯定都是假的，真正的驢友絕不會幹這種事！,0,0,0
[淚] //@螃蟹哥_林鋒:[淚],0,1,0
典型的國營酒店，管理層缺乏責任心，管理混亂。房間裏的大燈鏡燈臺燈都是壞的，只有一盞牀頭燈可用，不知道酒店是怎麼維護的。最可氣的是結帳時竟然要求客人賠償房間裏已損壞很久的鞋盒，簡直是訛詐。,0,0,0
隊裏還是希望您解釋一下門前接單刀球踩球車兒一事[抓狂],0,0,0
感覺這本書並不像想象的那麼好，有點太神了，並且實用性的東西並不是很多，反而寫大家怎麼誇獎怎麼神之類的太多了,0,0,0
真不厚道，我得笑笑 //@新民週刊:真是震捍啊！//@週一清：[衰]，被撼到了。。。 //@王永：此撼非彼撼，你懂的。,0,0,0
一點沫都沒有，絕對不是正品,0,0,0
[淚][淚][淚] //@方力鈞://@董重城市零件:致敬 //@張洪菠: //@黃旭異術:,0,1,0
"差的沒話說了，我同事在這裏喫了三次早餐拉了兩次肚子。這個酒店不會收拾房間的，用完的浴巾都不知道收拾，房間的垃圾也不知道收拾，所以如果不小心住進來了就千萬別續住。前臺的態度也很差，好像都欠了他們的錢一樣。空調聲音極大,晚上都無法休息。牀極其不舒服，坑坑窪窪的早上起來腿上都有印痕。喫飯超級貴，都是政府來消費的。騷擾電話很早就開始，很晚才結束。門口的出租車雖然是正規出租但是素質都很差，近距離就拒載，遠距離就繞路，和青島有一拼了。小日本巨多，早餐喫飯的時候看着小日本就沒胃口。",0,0,0
屋漏偏逢連夜雨，電腦又出問題了，唉呀我說命運啊[淚][淚][淚][淚] 我在這裏:http://t.cn/z8LWCVw,0,0,0
從沒見過如此殘舊的五星級酒店，電梯、走廊、房間內鋪設的地毯，可以用慘不忍睹來形容，電梯內的地毯塊邊緣起毛破爛，打個不好聽的比喻，我們家用來墊狗屋的地毯塊看起來都比它乾淨整齊，房間和走廊上的地毯給人感覺至少用了十年以上似的；衛生間裏的牆面瓷磚一看就是低檔得不行的東西，溝縫的白水泥開始出現一個個的小孔洞，象是螞蟻窩的大門；水龍頭和毛巾架銅鏽斑駁、顏色可疑，潔具的牌子讓人無從考究，倒是放洗澡香皂的香皂盒的牌子清清楚楚地顯示是“COTTO”，這是什麼等級的東西，相信對建材稍微有點了解的人都知道，衛生間的毛巾品牌不詳，但是感覺又乾又硬，似乎至少是三歲以上的年紀了，更可怕的是窗簾，上帝啊，我懷疑這酒店的窗簾是從來沒有清洗過的，顏色晦澀不堪，我只是拉開並關上兩次，洗手時居然肥皂泡就隱隱發黑，我住的是1520房間，似乎裏面曾經淹過水，地毯顏色怪異不算，地腳線的木板很明顯地不是同一次裝上去的。本來這酒店大堂的服務還挺讓我滿意的，不管是登記還是入住服務員們的微笑都讓我很開心，但是房間的服務就有點不知道怎麼說好，我是下午四點左右入住的，在房間小睡了一個小時後纔出去應酬，結果應酬完九點多回酒店時，贈送的水果已經放在酒吧檯上了，而牀，我起來時是什麼樣的，還是那麼自然的亂成一團保持在那裏，讓我頓時象吞喫了個蒼蠅似地倒了胃口，好感全消。而門口的保安及門童服務等管理，也是非常糟糕，門前廣場是個圓圈，進來的的士在圓圈的任何位置都可以停下來上客下課，小小的入口經常是從各個角度分別停幾量車在那裏上下客，而酒店方也置之不理，根本沒有人維持秩序，酒店門口打車也是一樣，沒有設置排隊廊，大家全站在門口等車，前後左右那麼一排開，實在是說不清楚先來後到的，不時有些因打車先後順序而起的小糾紛！這酒店最大的特色就是銷售，房間裏隨處可見賣東西的價目表和慫恿住可加入他們積分計劃的推廣牌，連文具和個人用品居然都有銷售價目單豎在牀頭櫃上，讓我實在不知道這究竟是提供方便呢還是爲了將銷售最大化。而免費的東西，因爲我出差習慣自己帶洗漱用品，所以不知道他們的洗漱用品質量如何，但是那一次性拖鞋的質量，咳，難道是義烏小商品城那裏購買的嗎？嘖嘖，難得一見啊，贈送的水倒是怡寶的，但是怕喫虧似地加上了酒店的廣告。該酒店停車場上來的電梯是在四川賓館的門口，我入住時上來一出門口就看到登記臺，過去登記得差不多完了才知道那是四川賓館的前臺，於是道個歉轉過來假日酒店的前臺重新辦理了登記入住的手續，結果，咳，結果讓我非常後悔應該在開始就將錯錯好了，據成都的朋友說，四川賓館的硬件條件還略微好過皇冠假日，價格只是皇冠假日的一半而已，兩家挨在一起並有門共通，這都是啥和啥呀？我已經是攜程的鑽石級會員，從來沒有任何酒店做過任何評價，此次四川之行，先是在綿陽的富樂山九州國際酒店入住，精美得讓我歎爲觀止，舒服得不行，因行程改變在成都臨時住了這麼一次皇冠假日，同是五星級酒店，讓我感覺是從真正的五星級酒店一下子搬到了火車站的招待所，還比真正的五星級酒店多付了一倍的住宿費。賺錢不能就靠搞定些什麼評選機構弄到五顆小星星後就那麼黑心地賺啊！五星級的大車鋪啊，永別了，我是再也不會去了，套用句流行詞：賺錢，要厚道些！,0,0,0
不錯哇綠茶愛好者們，上啊 //@袁獲獲要頑張:@頭號喫貨愛唱歌 我現在暫時沒法享受了[淚]，快看看[哈哈]//@皺夜剪秋羅:哎呀，走起啊各位！！！@兔子的spring @禹含jq @小叮噹乖乖 [花心],0,1,0
交警效率太低了吧，電話打了20分鐘了居然沒人來。[抓狂],0,0,0
東西倒是挺好喫，特別是這四喜丸子，但是這送餐也是無語了，一個半小時送到，打電話態度還那麼差，就這樣還做什麼服務行業，趕緊回家帶孩子去得了，一天美好心情全讓你們影響了，就這樣還怎麼讓我下次在你們家訂,0,0,0
夠亂的… //@Vera_涵: [暈] //@SCC刀刀:[暈] // @Xujr :圈子,0,0,0
"好難喫,還太小,南瓜粥還行",0,0,0
比MOTO的E680的功能沒強到哪兒去，卻是E680的三倍！比高端的PDA都貴！我寧願拿這1000元的手機＋4000元的PDA，也不要這破玩意～～～,0,0,0
頭疼！牙疼！失眠！健忘！[抓狂][抓狂][生病],0,0,0
沒有什麼能難道我//@唯美丶中國風: 勇敢面對。[抓狂],0,0,0
20元套餐感覺一般般。,0,1,0
分辨率很低，優點是價格便宜，但剛買就降價，優惠券差額不能價格保護，所以連衝價格買這點上都失望了,0,0,0
美國人人民不遠萬里來到中國了 //@玩玉人999:身份隱瞞的人，指望說真話戴錶人民，基本次人說夢 //@阿文海天1988:這算什麼話，沒勁。[失望] //@擲地無聲617: 誰信？ //@黑色??: //@吳總2012: //@行攝老李: //@風箏1903: [汗] //@wyklove: 中美本來就一家，等奧巴馬御任後可以給個政協副主席乾乾嘛！,0,0,0
童鞋們，四年了，整整四年了，「財經郎眼」終於被有關部門一本正經地表揚了。[淚],0,1,0
//@齊寶媽:[淚][飛機] //@袁嶽:祈禱,0,0,0
不好，實物和圖上的不一樣，剛買就有掉線，起毛,0,0,0
在阿姆斯特丹和烏支特樂都看到星巴克。原來荷蘭不是沒有星巴克阿，只是偶住的格村米有！[淚]但跑進去，裏邊人滿爲患！往日在英國時泡星巴克，小資的情調一點點都沒有了。[失望],0,0,0
眼淚一下子流出來了@會做餅的塔塔姑娘 我明天要來看momo //@Fiona_小姐：突如其來的結束～[淚] //@昕薇-豬瑤瑤：討厭，原本以爲故事會很長，卻突然看到最後一張圖，眼淚就下來了。就像@亨特的江湖歲月 說的，我們活得很短，請不要遺棄我們。,0,1,0
都爛完了，客服聯繫幾天都也不回覆，十分不誠信！都是什麼態度！,0,0,0
學習雷鋒好榜樣！[偷笑]//@Byford張碧仿: [淚] 我老婆說你們這些作app的、真是雷鋒、那麼好的軟件、還免費、圖啥阿！//@徐威特VT:[轉發] 中槍的自覺,0,1,0
十二個月，來個?處女座的勻給你點[挖鼻屎]//@春妮:一小時[淚][哼]也太慘了點吧！[委屈]//@曹滌非:[哈哈][哈哈][哈哈][給力][威武][酷][偷笑] //@陳倩冰:365天[太開心]@熊麗電臺@曹滌非@BTV王娟@編劇曉伊   //@張永利Eric:90天也還行  //@嬌陽寶寶:居然有零分鐘~ //@巨大的饒子: 什麼叫0分鐘！cap,0,0,0
omg!!!!!!!!!![暈] //@李小萌:這麼多鍋，太不像話。不知是否犯法，或是法不責衆？ //@故園風雨前:// @社會不記錄 : 打開,0,0,0
就爲了這蝦面，喫貨今天又丟人了。跑去羊倌開心點菜，結果服務小妹嚴詞拒絕，因爲我沒有優惠短信就不能點！問：認識老闆能點麼？小妹請示了大堂經理，說：不能！最寸的是手機沒電了，求救電話都不能打！@秦洲同 ，人生真坎坷[淚],0,0,0
"明早七點過的飛機，不到五點就得起牀，等收拾完之後，我都還在糾結該帶幾雙鞋，抬眼一看，馬上十點半，oh,我幾乎可以不用睡了[暈]",0,0,0
剛路過宜靜園，姥姥、姥爺你們在這過得好嗎？想您們啦……[淚],0,1,0
這球看的緊張死了！看到李宗偉比完面無表情的坐在那裏，突然覺得他好可憐[淚]。其實兩個人今天都發揮的特別棒，特別爺們兒！,1,1,0
第一買鮮貨 結果很失望 有爛的 個頭也很小,0,0,0
必須是大嘴啊！[嘻嘻] //@LILISAY:走着//@鬼蜀日記: [抓狂][抓狂][抓狂]快來給我投票 //@Tella陳珊珊:我心中的喫?代表?，那必?是@鬼蜀日記 大叔啊[偷笑] ?吧@劉小胖丫 @張際星Jessie @LILISAY //@豆果網: 你心目中的喫貨代表是誰？[微公益愛心]你要和他一起來現場麼？,0,1,0
"11點定的,1點多送到,打開就發現餅裏面有一根頭髮！",0,0,0
四個字，“糟糕透頂”。我是晚上十一點過入住的。首先是交通的不便利，到酒店必須走三峽大壩的專用高速路，同時還要到路過的幾個武警“攔截站”停車檢查專用的通行證。即使出示了酒店的證件也要被當兵的盤問很久，由於帶着孩子心裏很不爽。酒店安排專門爲我們送通行證的接待人員還要我們開車到家裏去接，辦完手續後還要求送其回家。折騰半天下來已經快凌晨一點纔到酒店。總檯值班服務員的態度更加糟糕，沒有笑臉就不說了，對,0,0,0
不讓走是啥意思？//@70小暖: 抽她丫的//@飛鴻翩翩: 必須投訴這種高冷蒼蠅，欠收拾的貨//@紅燒肉崇拜者:一羣蒼蠅比一隻老虎還可恨。[怒]//@圓圓的朝陽613: 他們就是反華勢力！ //@胡楊麟:平時看這些穿官衣的沒個正形就算了，真沒想到竟如此素質！,0,0,0
很容易癢，不知道這兩大瓶怎麼弄了,0,0,0
可能是全中國辦理入住和退房速度最慢酒店,0,0,0
請轉發，希望有能力的好心人能幫她度過難關。。。病魔不等人[給力][話筒]//@重生再轉世: 花季少女[淚][淚][淚] //@瑪曲牛仔:??????????? //@怒僧達人: //@熱貢哇白龍: 轉發微博,0,0,0
每次翻照片都覺得人生何止苦短[淚],0,0,0
向@楊鳳崗 同志學素質[挖鼻屎]。我只想說：「我愛大連，我從未離開」[心][呵呵][微風][微風][微風][微風] 友情提示：楊先生 微博不是這麼用的[失望],0,0,0
人類，要積德啊！//@劉玲在路上: [怒],0,0,0
這位女同志需要承受多少“壓力”啊！//@侯寧: 回覆@向日葵的果田:[怒] //@向日葵的果田:35元？奇蹟,0,0,0
//@紅葉十一月: 錢錢錢//@卡李:錢錢錢//@GOKUSEN_: 感冒快走，受不了了//@咖喱livetoeat: //@茶几上的圍城:特別需[淚] //@last_mj聖僧說精靈王真美://@寫秋君:急需[可憐]//@世界的GY君_Georgeismyhalfheart:恩。來吧,0,1,0
服務不好，前臺接待服務冷漠，諮詢一下送機時間都不耐心解釋，本來定的標間，還要給改成大牀房，並說送個送機服務，感覺還是大公司的官僚作風。,0,0,0
?睡吧親們，明天繼續 //@閒情四月天: [抓狂]舉爪舉爪，憋的臉紅脖子粗，才憋出一頁半//@端木妙子: 舉爪啊~還在碼字ing...[淚] //@閒情四月天: 我打算今晚死磕，不過XDJM們都寫幾頁呀打算？//@JonathanBiMBA: 是一學期上疲了，明天再寫，同志們加油哈//@Coco:S,0,0,0
"位置相當偏僻,晚上從五環出來,該拐第一個彎的地方連路燈都沒有,房間小,二樓的房間要從三樓走下去,沒體會他們能提供什麼服務,連出租車都不給定.絕對不建議入住.",0,0,0
攜程訂的1層房間整體條件很差，不值那個價錢，需要重新裝修,0,0,0
感覺沒有之前好喫了！還是因爲不是一個店的緣故,0,1,0
兩個星期了，書還沒送到，我倒有點不高興了,0,0,0
【人生必到 ??代夫】人一世，物一世，每?人心目中都有必到的dream place！??#??代夫#就快?沉，怎可以不去[抓狂] [抓狂] ！??去不成，看??都好！一起看看@GOtrip 用?Idy Tam眼中的人?天堂：http://t.cn/a8OtUN,0,1,0
住了一次可以讓你不想再住第二次的酒店一次痛苦的經歷不想再提,0,0,1
東西不行，袖子上面有抽絲一樣的印子，比較隱蔽，不仔細看會忽視掉，具體大家看圖。,0,0,0
在密閉的空調環境脫鞋曬臭腳的人，你們自己聞不到臭味兒嗎？[怒]挺好的動車環境全讓你們毀了[怒]KKK,0,0,0
回覆@陳中:是真神！[衰] //@陳中:海神！[衰][衰][衰],0,0,0
18~55擰不上3。。。[淚]還得燒。。。@劍_走偏鋒,0,0,0
店家說修身的褲子要比休閒褲小一碼左右，爲毛我的差那麼多？跟地攤沒什麼兩樣，收費是地攤的快十倍了！,0,0,0
"酸奶居然過期了，生產日期7月7日，保質期21天，氣死了,一直喫這家的外賣，現在配送員態度越來越差",0,0,0
本週六晚上張傑開講！他真的說了很多話！你期待嗎～[鼓掌] //@杜海濤Hito:我傑哥開講啦！[haha] //@謝娜:哇哇哇！這個星期六晚上十一點半就要播出啦，他一般說一句話要想半天的哇[偷笑]真的會說那麼多話[喫驚]我要做好心裏準備[抓狂],0,1,0
今天絕對是撐醒的，宵夜真心不能喫多啊[挖鼻屎] 雪芽找不到了，只能喝這個，喝一次少一次了[淚],0,0,0
[淚]//@王旭de美食影像: 大補啊!//@貝太食品造型師健偉:極品,1,1,0
味道還可以，就是這送餐時間2個多小時纔到，也是醉了！,0,1,0
從功能上說應該是算是一部給國人掙臉的機子，但是有一點做的非常不好：顯示屏有一部分沒有顯示，這個一直沒明白廠家的用意，唉，細節部分出了問題也是遺憾啊,0,0,0
太可怕了，果然又是假的。 以前在京東買了多芬的洗髮水和護髮素，發現是假的，就放在一旁沒有用了。自己去嬌蘭佳人買了一套這個資生堂的來用，包括洗髮水護髮素和沐浴露，感覺很不錯。剛好又需要再買一套洗髮水護髮素和沐浴露來放在健身房用，京東送東西的確快，於是我就打賭般的在京東買了，買來之後，洗髮水用了兩次，頭皮裏面長了很多脂肪粒，頭皮其癢無比，跟自己在嬌蘭佳人買的完全不一樣。京東你真的太可怕了太噁心了。我猜洗髮水他們是肯定不會退的，只給後來預備買的朋友們提個醒吧。,0,0,0
[蠟燭][蠟燭][蠟燭][蠟燭] //@禧華軒張衛東: [蠟燭][蠟燭][蠟燭]//@秦皇泡泡街舞大叔: [蠟燭][蠟燭][蠟燭]//@林子50217: [贊]//@林子50217: [轉發][傷心][淚流滿面],0,0,0
//@谷玉恆: //@精品傳媒_劉楠://@精品傳媒胡蓮:救命！//@耒牯子謝良兵: 救人！//@中國經營報晏耀斌: 救命！@平安北京 /@朱惑木棉花: 娘耶，又要出人命啦？[淚],0,0,0
快遞太慢送到包裝都擠壓變形了 還好是褲子如果是其他東西不敢恭維了 商品還好唯一不滿意的就是不能用皮帶,0,0,0
這和女巫店的本週結果相逆啊，女巫店本週巨蟹是掛了小黑叉的～[暈],0,0,0
現在車上是雞蛋，老天啊，這種空氣要讓我腫麼辦呢[抓狂][抓狂][抓狂][抓狂][抓狂][抓狂][抓狂][抓狂][抓狂][抓狂],0,0,0
送到對時候已經不熱了！我要求煎餅裏放辣椒，結果放的不知道什麼玩意的醬，太失敗了，2星是爲了豆腐腦,0,0,0
買過質量最差的褲子了，穿一天就有起球現象。,0,0,0
***送來就降價 不開心 本來是***三件買的,0,0,0
thinkpad的分區吧合理還是老問題了。 機身後殼有點畸形。 正面觸摸屏側外殼不牢固。,0,0,0
從12歲開始，喜歡足球、喜歡尤文、喜歡意大利，都是因爲你，真不敢相信會有這一天――再見，皮耶羅 [淚] [心],0,1,0
[嘻嘻][嘻嘻]小齊經常請客人喫飯，就是從來不請老闆喫飯[淚],0,1,0
我在喝蒙牛，會不會致癌，好害怕好害怕喔~~~,0,0,0
荷蘭的天氣發飆啊？!風大的可以把人捲上天！偶已經在感冒中[淚],0,0,0
估計喝茶喝多了，失眠中！[淚],0,0,0
是晚上到上饒的，打電話給酒店問路，態度不好，還總指錯路。在上饒繞了好久才找到酒店。入住後發現，房間小且不太乾淨。廁所馬桶很髒。燒水器連個指示燈都沒有。下次來肯定不住這兒了。,0,0,0
逛超市是個大任務~滿櫃的紅酒看得我暈頭轉向~看到些咱那賣挺貴滴款這邊價格都很喜人啊~心] 我都想搬回家~這瓶瓶罐罐滴怎麼拿~太沉了~[淚] 姐妹們北京要真這價格咱是不是得天天暈得乎啊！[哈哈] @airan1011 @Cyndiii喵 @加州紫茉莉 @winnie-敏,0,1,0
放着自家舒適的房子不住去租房，真不願過這樣的日子，衣服鞋子10件只能拿1件，漂亮包包想想就拿1個吧，這回可是持久戰，但願冬天不要太冷，否則徹底崩潰了[淚],0,0,0
從包裝到味道總體還可以，就是小菜不怎麼好喫，木耳還湊合，辣白菜根本不是那味兒！所以小菜再弄好點的話，還會多多支持！,0,1,1
靠，掛了吧 //@小小黑魚:太用力了吧[汗] //@馬秋秋秋:[衰],0,0,0
請問有搞法律的筒子能幫我打官司嗎？有圖有真相，此書作者這算是名目張膽的毀謗和捏造事實吧？聽說這書賣的不錯，大V造謠尊可怕啊！明眼人都看得出來，我這帥氣的模樣兒分明是?????????????????????手術成功了啊？[淚],0,0,0
沒宣傳的這麼好 而且外觀看起也不咋地 物流時間久 包裝直接泡沫箱子我都不好意思送人 我只能評價 差 很差 相當的差!!!,0,0,0
中關村的最後一餐，要不要再喫個鮮芋仙告別一下！已經向DQ，南京大牌檔，第三極告別了，還有難喫的道樂，等死人服務死爛的雲海餚~~[淚]再見啦~晚上像死城一樣的中關村,0,0,0
這幾天，天天面試。在找不到工作就該求包養了……[淚],0,0,0
很不怎麼樣的酒店，根本不象三星級。1、大堂：受理很慢，且服務員連你好都不會說；2、房間：我訂的是大牀房間，電視機很舊，衛生間裏洗澡的地方是用玻璃隔起來的，空間很狹小，而且熱水放出來的裏面全是棕紅色的鐵鏽，洗澡時水溫忽冷忽熱；比較變態的是，房間裏沒有預備網線，你得打電話要，而且電源插座很不合理，如果要插筆記本電源，需要把電視櫃往前搬至少50釐米，否則你是找不到插孔的；3、訂餐：按照《服務指南》，我打了8003，提示無此號碼，於是撥打8006查詢，告知我打8033，打過去以後又讓我打8031，訂個餐有這麼麻煩嗎？好不容易打通了，要了紅燒草魚、清炒土豆絲和紫菜湯，結果巨難喫，還不如外邊隨便一個小餐館做的好喫，反而花了70多元，根本不是三星級酒店廚師做的，讓人憤慨！紫菜湯的顏色就像是刷鍋水！紫菜也是大片大片的！3、服務：打電話要了網線，過了很久，難道綠洲飯店很大嗎？要走那麼久？！綠洲飯店我已經住過好幾次了，這次是最差勁的！！！給各位推薦立達賓館，性價比很好，服務也特別好，而且做的菜很有家常口味，喫起來很可口！雖然遠了一點，但是打車到市中心，也不過7元錢而已。唯一不足的就是沒有寬帶連接。補充點評 2007年8月16日 ： 還有一點最讓人無法忍受：隔音太差了！我的房間隔壁住了個醉漢，那個呻吟聲和鼾聲，簡直就像在同一個房間一樣，而且看電視的聲音和說話的聲音都很清晰！,0,0,0
"量太少,價格夠貴,差勁",0,0,0
看到東京的地鐵路線圖，有點暈啊，這才只是地下的[暈],0,0,0
明明選擇的是 週六送貨 周4 家裏沒人 還來送 下次遇到 直接 退貨 什麼態度 垃圾,0,0,0
這麼快就立秋拉[暈],0,1,0
關東煮沒有了，打來電話換了藕盒，很一般，懷疑藕盒不是和合谷家的,0,0,0
廣州是中國的，晚安！ //@F1主播??主??:唾?這些??的人渣！//@信??-??:[good] //@鼓手耗子:一羣敗類[怒][怒][怒],0,0,0
[怒][怒]最近這種事情真多！成都中海國際社區吧？,0,0,0
買了兩箱，有很多碰了的變軟，下次不要這個品牌了，真是怕了。,0,0,0
比飛機票還貴，老百姓坐不起[失望],0,0,0
二鍋是誇，二師兄嘛就要小心鳥//@追星老媽:實至名歸，絕沒惡意!//@盤龍崔捷: 星媽誇我[衰] //@追星老媽:謝謝崔大師崔二鍋，節日同樂！[偷笑]//@盤龍崔捷: 星媽早上好！節日快樂！,0,1,0
"一般吧,少了米飯",0,0,0
值班中，沒有春餅喫、沒有蘿蔔咬 [淚][委屈]  喫桔子，咬雪梨吧！,0,0,0
問候他們大爺！ //@津旅局的MONICA:不要菲絲[衰],0,0,0
爆米花和瓜子兒一樣是鬼招手，一喫就停不下來[抓狂][睡覺],0,1,0
"準備帶一家人來過年的,訂了兩天兩個套間,就爲了圖個清淨.可是除夕下午患了感冒,晚上房間裏的空調根本不熱,而且聲音奇響.結果第二天只能匆匆提前離開.酒店位置很偏僻,自己沒車進去了就出不來,周圍好象有些象遊樂場的設施,但冬天好象不開放,不知夏天怎麼樣.",0,0,0
不好電池太差了充滿電待機不到一個月天,0,0,0
Omg[暈],0,1,0
房間設施一般！唯一方便的就是有免費班車去機場。,0,1,0
//@兒童傷害曝光臺:[蠟燭]//@新浪育兒 ：防止兒童意外傷害！專題中彙總了一年來發生在孩子身上的各種意外事件，每一件都讓人觸目心驚、心痛難忍！希望家長們吸取血的教訓，爲所有離開我們的天使祈禱！[蠟燭][淚][話筒]http://t.cn/zRSu1mq,0,0,0
開家長會。學校請了個專家竟然主講什麼是幸福[汗]，其實家長更想聽班主任講，只能耐心等了。想起前幾天看一段子，記者?訪一農婦問什麼是幸福，農婦答幸福就是喫完晚飯和男人在炕上玩，再幸福就是玩了一會兒再接着玩，最幸福是串門兒到別人家炕上玩。請原諒我不想請假開家長會來聽關於幸福的講座。[衰],0,0,0
充電不理想 電池用不到一天 打算退 還要去檢修 有毛病纔給退 以後再也不相信京東了,0,0,0
辛苦 //@嘻哈包袱鋪陳曦:演出要大火呀，水管子都準備好啦？[嘻嘻][嘻嘻][嘻嘻] //@嘻哈包袱鋪官方微博:辛苦辛苦了[淚][淚]嘻哈人員感動ing~~@嘻哈七喜徐濤 @劉金霏 @嘻哈包袱鋪陳曦 @嘻哈包袱鋪劉鳳帥 @嘻哈包袱鋪李宇? @嘻哈包袱鋪安鳴傑 @嘻哈包袱鋪趙臣,0,1,0
這日子宜家都排隊[抓狂],0,0,0
?昆明????加蒙自啤酒狂??，?降落前遇?剪?，大家以?要??，大?尖叫此起彼落！?好???????富，返航昆明，所以今天?法跟蒙自的朋友?面了！下次?上！祝您?元宵快?！[??][怒][心],0,0,0
最想讓人一起跳皮筋啦！[淚] //@婧琪jesa:差不多全有玩過 好懷戀  ~~,1,1,0
#街角的幸福#你會不會忽然的出現，在街角的咖啡店。但咖啡館在哪兒？你出現了，咖啡館卻關了又開，招牌換了又換！我該是開心還是懷念？[哼][淚],0,0,0
回覆@Me蕞??11250928:你還笑，這窗口還沒開，大屏幕顯示沒號了，我真暈，起了這麼早，就是想掛個專家號，結果只能掛到下午的普通號[暈]好多大爺大媽都在抱怨。。。真想投訴 //@Me蕞??11250928:[偷笑],0,0,0
吊牌沒有廠家，公司。下次不敢購買,0,0,0
每次走芒市到鎮安這段國道，我眼前總會有10000只草泥馬飛過[怒][怒][怒][怒][怒][怒][怒][怒][怒] 我在:http://t.cn/zRUCiP0,0,0,0
羊肉泡饃裏有肉塊是臭的！,0,0,0
寶寶從中午12點半，一直折騰到現在現在，終於安穩的睡着了，我快累Shi了！！！[怒][抓狂],0,0,0
老年癡呆前兆[汗]忘上圖了[衰]@SandyWM,0,0,0
等你等得好辛苦！！我坐得好遙遠！[淚][愛你][兔子][給力]@吹風的雲吹風 @愣頭青韓老大  @在陽光裏流浪,0,0,0
#抵制日貨#還不如抵制蒙牛來的實際。自己人打自己人最厲害了，有本事全上島呀！,0,1,0
//@熊華GG: 夢想！[可憐]//@範煒: [淚][淚]//@張醒生: 中國人的Dream! 難以實現的夢！[喫驚],0,1,0
"隔音效果非常差,基本上隔壁房間的說話聲都能聽到.最後一天隔壁老早起來吵架,簡直就是對着你在說話.不小心碰壞了酒店的一個直徑18釐米的一個塑料框架的化妝鏡,竟然索賠我315元.(據稱,那個沒有品牌標示的化妝鏡系酒店定做的云云,我仔細研究了一下,差別可能是本來別人用金屬做的支架,這個是用有機玻璃做的,因此稍微碰下就斷了).入住的朋友看到的最好小心一點,要是碰壞個花瓶,畫框,酒杯的話不知道要收你多少錢.",0,0,0
面時間太長了，坨了，不好喫了,0,0,0
這就是你們的蘋果！外邊歪瓜裂棗的就不說了，裏邊還這樣！口感跟我們這*一大袋的沒什麼區別！,0,1,0
[暈]//@捷才教育:回覆@瀟灑張大旺:額!感覺會被凍死的。[汗] //@瀟灑張大旺:事後瞭解 有人說這哥們兒常年酗酒 這次肯定又喝高了 有人說這哥們兒 精神上有點瑕疵 唉 大下雨天 就在公交站臺上睡着了 冷風呼呼吹 雨水嘩嘩流 這哥哥也算是“一日風流”啊。。。 //@捷才教育:扶，找個證人一起扶。,0,0,0
回覆@Deer要好好學習:小Deer，你提到的，都木了……假期後還會有十幾波，早來早好運哦[微風][太陽]//@Deer要好好學習:好喜歡那件皮特潘領的小馬連衣裙 可素胸圍小了[淚][淚][淚] 前短後長的半身裙還在不在 綠色三角小包包還在不在[花心][花心][花心]//@畫眉:小Deer，加油[耶],0,1,0
買了幾天就降價200多，差評！本來覺得華爲手機不錯，這下讓我傷心了。雖然我們公司樓上就是華爲，但是我決定以後都不用華爲了。,0,0,0
[衰] 把我們繳的稅還給我們！//@航運界:#國際海運（中國）年會2012#【如果中遠和馬士基放棄航運 世界貿易將終止】,0,0,0
不要讓我週一一大早就想孩子[淚],0,0,0
煎餅越來越鹹了,0,0,0
好槍…… //@秦時親:我也是//@Acup初戰告捷信濃號-斷更刷屏中: 我。。。 //@搞鬼哦:我就是啊。。。。。[淚],0,1,0
跟皮說我們喫吧，忽然意識到我其實想說我們睡吧//@Bubu2206:好喫，可惜我不?做[淚],0,1,0
煩死啦 搖號再次沒中 哎[怒][抓狂] 我在:http://t.cn/zYlNTFl,0,0,0
他們說我臉瘦了顯刁，今早上起來發現自己長的越來越慈祥了！[淚][淚],0,1,0
我要喫鹹蛋黃釀大腸嘛[淚],0,1,0
大家週末都幹嘛呢？[思考]我在家等快遞，結果等到了，就悲哀了！一箱豆奶從西雙版納運來，24瓶碎了4瓶，無論包裝都嚴實，都經不住暴力快遞的摧殘！中通快遞夠差勁的！[悲傷][怒罵],0,0,0
看着地理位置合適才選的這家酒店，酒店沒有明顯招牌。房間裏有一股香菸和黴味兒的混合怪味。傢俱破舊。價格很貴！實在不值！有待改善呀！,0,0,0
驅動沒有配Windows 7 64bit的驅動，安裝完之後，讓Windows 7 自己上網安裝的，安裝完之後，效果還算可以，性能評分得到3.9分，最低分是桌面特效。CPU得分5.1，還算可以。,1,1,1
潘石屹，如果這真是你做的，我真想指着你的鼻子說，你是不是有點太不負責任了？這樣的蘋果怎麼有臉往外推？小，沒有關係，難喫怎麼說？不合適，很失望，,0,0,0
差評！！！！！！！！,0,0,0
#美食記# 飛?牛肉的N種喫法。。。硬是把自己給弄餓了[悲傷],0,0,0
酒店服務意識很差，餐廳不能簽單，說是怕消費的高於預授權。服務生明顯沒有經過培訓。,0,0,0
就像我追劇的感覺~~憂傷！！大吼一聲?更新的太慢了老子都不想看了！！！！！[失望]//@獅子座-心理學: 等待太久得來的東西，多半已經不是當初自己想要的樣子了…[心] 推薦關注@觸碰心靈的情書,0,0,0
大家看看我的照片就知道了，小的很大，都是挑出來最小的蘋果。就算上一次當吧！,0,1,1
設施陳舊，風機聲大，服務員水平不專業。,0,0,0
[衰][喫驚][汗][汗][汗] //@喫肉的兔子-:轉給那邊上班的看看！@路人某一個 @貓小抱 @山嵐熊外婆,0,0,0
對這類畜生就該用極性![怒],0,0,0
我的手機打不開鏈接[淚][委屈] //@thanapanyo:you speak thai very perfect !! ( weibo thailand )http://t.cn/zTK1TeA,0,1,0
[奧特曼] 看火影動畫片中...岸本大神和製作組的各位大人們.. [失望] .你們能不能不要每隔幾集就要回憶啊???==|||....各種回憶....我不要啊...TAT..,0,0,0
比想象中小的太多，一點味道都沒有，別說甜了，在現實中買的都比這個好，誰買誰後悔！都不要買，東西小，價格貴，還沒味！,0,0,0
拒絕蒙牛很久,0,0,0
垃圾！！訂的單的！！給我發棉的！！瞎了不看！！還說退還是換！！一退一換又浪費多長時間！！,0,0,0
"苦B的日子,要早起幹活,爲顧及形像還不好意思發牢騷,只能表雄心鳥![淚][淚]",0,0,0
這麼重要的事我竟然忘記了[淚][淚][淚],0,0,0
論文通過了……16號去答辯……導師我愛你……娜姐我愛你……大頂我愛你……大頭3姑娘死鬼海欣我愛你們……知道這是什麼感覺嗎，就是便祕多年突然今天大便通暢的感腳！！！！！一直步行突然就坐上捷運的感腳！！！！一個move回來的感腳！！！！一生一世一論文，寫論文傷不起！！終於可以專心工作了[淚],1,1,0
比較老舊,0,0,0
不值，不是特別舒服，性價比不高,0,0,0
極其不準時，午餐變下午茶,0,0,0
系統重新裝了要黑一下屏，不知道什麼原因。京東降價太快了，不爽,0,0,0
隔音太差，稍微大點聲，三和板的傳音效果較好。黃金週的價格是平時的一倍，明顯有上當的感覺。特別是結帳時聽到別人才260，我的居然是370！！！！！！！！！！！！,0,0,0
褲子質量太差了，穿了兩次，起毛毛了，唉，差，差，差,0,0,0
感覺前攝像頭像素沒有1300萬，而且照片質量不好,0,0,0
沒在一起，但我們從未分開過！//@哲言心語:瞬間我就淚奔了[淚],0,1,0
沒見效果，掉髮更嚴重。之前至少能撐2天，現在頭髮要一天洗一次，油的有點離譜。我也是醉醉的。,0,0,0
"6月16號就從網上訂了房間,晚上到酒店時前臺說房間了,也沒找到我的訂單.後來打電話給攜程說已經酒店已經將訂單回傳過.酒店前臺一直讓我等待了五十分鐘纔給了房間.到房間後居然還有別人剩下的垃圾沒有清理.而且環境還不好,外面就是馬路,吵死了,反正這次弄得相當不愉快,相當差勁點?",0,0,0
一箱有一半都是壞的，還讓人咋喫，一錘子交易,0,0,0
剛開始用，手機倒是沒有異常情況，就是售後太差了，我是幫朋友買的，沒有發票朋友不要，官方就是一再的推脫髮票的事，說白了就是要7天以後纔給你發票。搞的我和朋友關係都鬧僵了。就因爲發票的事，開始客服說是1至3天，到了第4天又說7天以後。而且發票一欄我都沒有選用電子發票，都不知道爲什麼會默認爲電子發票，官方有點強行給你電子發票的感覺。,0,0,0
12月4日～7日我們一行7人住進了皇嘉，給我和同事感覺都不好，一房間沒有暖氣，而且換房間態度不好，房間換後還是沒有暖氣；二房間衛生間設施差，臺盆龍頭出水很小，洗澡淋浴區，下水不暢，設施陳舊，衛生間洗澡環境很冷；三早餐尚可。希望皇嘉應該重新裝修，現在的房間設施和服務不符合4星級的標準和要求。,0,0,0
求求大家不要再問我聖誕節怎麼過了[淚]鬱悶起的，楊洋今天輾轉醫院和派出所之間，各種煩[抓狂],0,0,0
休息下，喝完這杯，就是開始加班出年報的節奏了[暈][暈][暈]（costa大師拉花新品：醇芝白咖啡）,0,1,0
#華宇食享#您是否有這樣的小私心，希望能把它們帶回客房~..悄悄的~..悄悄的..那是不可能的！！！[淚],0,1,0
出差在外，沒來得及看，回來發現買錯碼了，跟客服說我出運費換，竟然還是不同意，挺失望的！,0,0,0
房間有奇怪的味道，東西忘在酒店打電話跟對方說住宿時間和房間號對方不仔細聽，還大聲說：你聽不懂我說的中文麼！然後態度很差的掛了電話,0,0,0
"酒店在西寧來說還是比較滿意的,首先,地理位置不錯,人口素質還不錯.其次,房間設置雖然比較簡單,但基本達到四星標準.第三,不滿意的地方就是服務問題.各位先前入住酒店的朋友已經提到了,我需要補充的是,前臺的女服務員還沒有男服務生熱情.基本不屬於不會笑的或者是比較會耍NB的.按照對方理論,誰讓我們是外地人呢,人家能給我們個地兒住就不錯了.最後,我要說的是,早餐只有中餐,雖是自助,但基本沒有辦法評論,我只提一點,早餐的橙汁是熱的,原來是用市場上早已絕跡的TANG果珍沖泡的.所以房間我給3分,環境給4分外,都是1分.",0,0,1
等了70分鐘,0,0,0
報告@我是_老李 我已經把《天生一對》看完了，印度電影好長啊[暈]。不過我現在也很喜歡阿姆利則，還有對他們比賽喫的那個小喫很有興趣，哈哈,1,1,0
分子料理！把複雜的東西簡單做這叫創造！把簡單的東西搞複雜這叫藝術！ //@敏婷小姐:我只想喫草莓而已~[淚]//@詠琪琪琪琪琪琪: 啊啊啊啊啊，我要瘋了，這已經不是草莓了[抓狂][抓狂][抓狂]//@cindy楊嫺嫺:@餘偉森,0,1,0
才下飛機 孤魂野鬼 心境尤其蒼涼[失望],0,0,0
變道。 //@Jonathan唐:後面有大車緊跟，一定要換道！ //@蔣子剛與發明: [圍觀]請記住牛頓定律，出行遠離大卡車！ //@商克偉: 鮮活的生命啊。大車太瘋狂了！  //@李傑:  //@許單單-互聯網分析師: [淚],0,0,0
我這身子骨 蓋一厚被 今早居然是被凍醒得 這燒的是暖器嗎？[怒罵],0,0,0
手機充滿狀態下，待機無故發熱耗電，幾小時沒電關機了，本來是當備用機的如今待機都不行服了！問客服說後臺運行沒關，我確定都關了。客服反應要求去檢測！失敗的一次購物,0,0,0
鍵盤感覺很差，不敢使很大的勁，打字時很輕很小心翼翼。感覺很容易壞,0,0,0
你好，我是哆啦A夢，請多多指教![淚]。。。很愛很愛叮噹。。。很愛，很愛。。。,1,1,0
#易享時刻##派之星#旅行中的我，一手舉單反，一手舉手機，既要拍大片，還要隨分享。無奈手機不給力，相機美圖不能隨時傳分享，糾結啊～～[抓狂]終於發現這個有wifi功能的神器[得意地笑]@野千尋 @六零兒 @史智峯 你們知道不[嘻嘻],0,1,0
東西很一般，像素不好，也只適合我們這些窮鬼用用，建議稍微有點錢的還是加點錢買好一點的吧。還有:賣家爲人不厚道，我這是雙十一買的，裏面就有個充電器和數據線，而11月12號早上我再次逛京東，還是雙十一的價格居然送保護套，我想問問商家:我是少給錢了還是怎麼滴？？？憑什麼同樣的價錢你雙十一不送套子，過了11號你12號居然送套子，你們這搞的是什麼意思？？？這事擱誰心裏都不舒服，並不是我買不起那幾十塊錢的套子，你們這樣做對嗎？？？總之這是我很不愉快的一次購物，祝早日關門大吉！！！！！！！,0,0,0
@高德地圖 能告訴我知道路了，怎麼能把手機的高德導航關掉嗎？[抓狂][抓狂][抓狂],0,0,0
今天沒力氣走路一小時了，只好等車[失望],0,0,0
本人拿到這本書後，迫不及待地一口氣看完，感覺還是蠻實用的。作者在文中提到的自制豆漿養顏，我覺得挺有道理的，上週就去店裏買了一隻豆漿機，每天喝上一大杯。還是幾個痛經小祕方，本人已試用過了，效果還不錯。呵呵，總之這本書不錯。,1,1,1
味道還可以，送餐速度太慢，讓我等了不到兩個小時！,0,0,0
鼓勵不創作~[怒] //@王箏:意思就是說，偷孩子合法，生孩子的活該！怎麼可以！！！[怒罵][怒罵]@阿朵 @曹方Icy @高曉松 @牛魔王陳超 @水木盧庚戌 @歌手李健 @查可欣 @科爾沁夫,0,0,0
東西一般，也對得起這個借錢，快遞慢的跟蝸牛一樣。,0,0,0
喫貨每天除了喫都會是這個狀態。 [淚] 小丸喫完早飯就開始想，我中午喫點兒啥呢？ [淚]  喫完午飯就開始想，晚上去哪喫呢？ [淚]  喫完晚飯就開始想，我明兒早喫多少纔是多呢？ [淚],0,1,0
回覆@鹿??:我不是睡不着用工作消磨時間，我是因爲工作睡不着覺。[怒] //@鹿??:何總您辛苦，你們睡不着的時候都是工作來消磨的啊。佩服佩服@秋實_julia,0,0,0
回覆@長樂軒文玩_辰羽手造:菩提根玩好了漂亮極了[給力] //@長樂軒文玩_辰羽手造:現在肉齒的 矮樁的 品相各種好的金剛漲的都玩不起了哎-_- 我還是玩我的菩提根吧[淚],0,1,0
包裝盒真心垃圾，看着像舊的,0,0,0
能說什麼呢，要品相沒品相，要口感沒口感，不知道覺得好喫的那些人收到的貨可能和我不一樣？,0,0,0
回覆@evonne木木:亞航現在開通從澳門直飛清邁的航線，200多人民幣單程含稅 //@evonne木木:回覆@Pinkie尾指:頂！！！！邊間航空公司啊？？ //@evonne木木:去左“收埋D卡”啊？今年好似勁多人去~我又要去~ //@Pinkie尾指: 好靚啊[抓狂]我要說服老公放棄清邁，馬上轉路線去pai,0,1,0
入住前的期待還是很高，不過到達後感覺還是比較失望，這個價值和七鬥星、如家等不到200元房價的經濟型酒店還是有一定的差距，同去的同事的評價也不高，有點後悔沒要什麼服務，這方面不清楚退房速度還可以,0,0,0
差評，比真正的紫心差多了，味道不好喫！！,0,0,0
這幾天，魔都的天氣真是好啊，可惜就是沒時間出去拍片啊！[淚],0,1,0
轉給愛喫冰棍滴兩位?@Cyndiii喵 @小鬼MrPP  //@春曉:太難過了[淚]夏天喫什麼[可憐]//@馮大佳子:@不着調的常悅 你還一天十根兒麼？[吐],0,0,0
地理位置很好，緊靠地鐵，交通便利。只是酒店樓層大堂和住宿不在同一層，上下不太方便。室內地毯不乾淨。早餐一般。,0,0,1
咱們仨是冠亞軍+第五名，哈哈@Luna熊貓愛旅行 @mia327 //@Luna熊貓愛旅行:真的啊真的啊？ //@小星星的小白天:會來麼會來麼！[淚] //@??Becky: 終於等到了[淚]@小星星的小白天,1,1,0
#須叔重口#【南寧掃黃“老人色情服務”，掃出系列故事會！】媒體報道南寧老人色情服務氾濫；於是3月24日，民警深夜掃黃，站街女倉皇上樹！[喫驚]故事還沒完：這名濃妝豔抹一身女裝的“羅姓女子”被抓後，竟被戳穿是男兒身！[傷心]此次共抓獲3名男扮女裝者，均涉嫌拉客招嫖。尚不好定性～[衰] @孤島森林,0,0,0
快遞太慢太慢，慢的我不想多說了,0,0,0
平板電腦還可以，唯一不滿意的就是什麼都不送，連一個膜也不送,0,0,0
說是五星，服務差的沒話說，check in速度慢的跟烏龜一樣；訂的至尊房，能享受下午茶，但酒店全程沒有一人說，要不是朋友訂房的時候問了至尊跟別的有啥區別服務員才支支吾吾說了都還不知道；兩點去下午茶酒廊，什麼都沒有，呵呵；更絕的是朋友房間的牀單還有灘幹掉的血～,0,0,0
從小到大，看過各種各樣不同的體育比賽，可我就沒把場地自行車比賽的規則完全弄明白過[暈],0,0,0
物流太慢了 真心不想說什麼 掉顏色 不愉快的購物,0,0,0
一共喫到一小條牛肉絲兒，喫完胃疼不行,0,0,0
轉給兩桶油看看去。。。。[怒],0,0,0
[舔]//@錢賡: [淚]//@Fenng: 哎... //@gofeeling: //@花瓣網huaban: 女人們，疼愛你們的男人吧！ 看看他們都不容易啊,1,1,0
抱歉，您在2013-06-09 14:38:39發表的微博“謝謝大家了 // @散仙建龍 :[怒]...”已被管理員加密。此微博不適宜對外公開。如需幫助，請聯繫客服（鏈接：http://t.cn/z0D6ZaQ）這就是微博,0,0,0
任何石頭都能被磨去棱角 //@思想聚焦:一個男人總會被一個異性改變，不是他的女人就是他的女兒//@柳巖: 一個男人總會被一個異性改變，不是他的女人就是他的女兒[淚],0,0,0
回覆 @那年夏天0701:貴州很多燒的烤的食物都蘸這個辣椒[饞嘴]#中華旅遊名博貴州行# //@那年夏天0701:辣椒看着不錯 //@賓麒麟:#中華旅遊名博貴州行#有機會[饞嘴][圍觀][圍觀][圍觀]  //@湖上淡雲飄:哈，好好喫的樣子，口水滴說，可惜偶沒喫[失望],1,1,0
最近有件事兒讓偶超崩潰[淚][淚][淚]某些親愛的朋友們總喜歡把自己寶寶的頭像放在自己的頭像框裏，然後再整一個很有個性的簽名，比如：貓頭鷹、大姨父、過山驢……最後玩兒命給你打招呼瘋狂請求添加好友[抓狂][抓狂][抓狂]蒼啊，天啊，難道姐是驗DNA的嗎？@蕾女心經,0,0,0
這個飯幾乎沒有肉，竟然連土豆都很少，根本就是給人喫白米飯，還賣這麼貴，根本不能忍。,0,0,0
回覆@曬太陽的小企鵝:鄉音未改鬢毛衰[淚] //@曬太陽的小企鵝:呵呵，你該回來看看了。好多年了。 //@青山白鷺:回覆@曬太陽的小企鵝:行啊，等我回去看看。回顧下青春歲月 //@曬太陽的小企鵝:回覆 @青山白鷺:這是長江二橋啊。要不要我再拍下，變化很大哦。,0,1,0
#敢喫小百科#【肚子脂肪多，容易餓】俗話說，肚子大喫得多。加拿大科學家的一項研究發現，腹部脂肪過多，會產生“飢餓激素”，讓人喫得更多，導致腹部更加肥胖。研究人員稱，腹部脂肪會產生“神經肽Y”，會增加的進一步增進人們的食慾，由此產生惡性循環。所以甩掉“游泳圈”刻不容緩啊！[暈],0,0,0
又籤爆了，不讓我同步。[怒][怒][怒][怒][怒][怒][怒][怒][怒][怒],0,0,0
10個蘋果都爛兩，物流也***慢。,0,0,0
這裏的交通真是傷不起，8：00堵到10：00還堵[淚][淚][淚],0,0,0
看什麼球呀，陪兒子學習，明早起來做飯[淚] //@xiaofei0108:看球！,0,1,0
糟糕的一次網購，吭爹！,0,0,0
打算全母乳 要相信自己是頭牛[發怒]多喫爲了孩子[淚]今天霍思?大少爺出滿月 挪騷窩 [哈哈],0,0,0
我是不會再去了，也會要求公司不再安排這個黑店 //@宋強says:再不安排這裏了[衰] //@朱武平-:豐臺有這樣的酒店，就是豐臺的恥辱[怒] //@新豐臺網://@郝旺A: //@朱武平-:@文明豐臺 @新豐臺網 @豐臺青年 @微話豐臺,0,0,0
交通還算便利 早上時候有班車去航站樓 其他都不怎麼滿意,0,1,1
這頭亂捲髮我喜歡~~(*^__^*) 嘻嘻~~叔一下子又年輕了十幾歲 [嘻嘻]  //@因_果果:愛死了～！ //@飛葉飛冰:董潔還是很喜歡的～結果據聞演神經女……[淚] 還是更喜歡叔高大英俊神祕優雅的角色……[委屈],0,1,0
感覺外賣的菜量好少啊！米飯簡直少的可憐,0,0,0
下午涼颼颼的，看來秋天真的來啦[淚]@Ravelaw,0,1,0
時間太長，並且泡菜湯沒有米飯,0,0,0
只能是失望??，質量差也就罷了，色差也那麼大~~,0,0,0
我愛軒轅劍系列，我愛大宇和DOMO，所以原諒我不能投票給電視劇。[淚],0,1,0
被騙了，不是脆的，是沙的，不好喫，誰買誰後悔,0,0,0
腹肌!!!!舔屏ing!!!!//@吉本老師求同行去夏威夷: 那?候的腹肌啊~~[抓狂]@nino犬二招??有1?腹肌 //@ninochanyo: 在腦子裏用arashi arashi for dream的旋律唱出了奇酷比~奇酷比~... //@FL醬家藍黃君都貓背:好吧大深夜大中秋的我,0,1,0
[衰] //@修心養生辭典:拿着2K的錢，操着500K的心。。。,0,0,0
一大清早陰差陽錯把借的車弄丟了[淚][淚][淚][淚][淚]客服說:沒有關係。租車卡無限期使用。餓滴神啊![奧特曼][奧特曼][奧特曼]9903341號車啊![雪人][雪人][雪人]是哪位好心人騎走啦!快還回去吧![手套][手套][手套],0,0,0
有我，我來了！@追着耗子的貓  //@全球熱門排行榜:榜上無名[淚],0,0,0
昨天少了你！！[抓狂],0,0,0
[蠟燭][蠟燭][淚][淚][淚]特別喜歡陳老後期的那些喜劇，「瞧這一家子」、「二子系列」看了多少回，笑的喘不過氣來。您是老藝術家的典範，我也是您兒子的忠實觀衆，會一如既往地支持他！願您一路走好[淚][淚][淚][蠟燭][蠟燭],1,1,0
"[鼓掌][鼓掌][鼓掌]不懈的努力轉發終於有了回報!這是圍脖的處女獎,不容易阿!感謝@上海滴水湖皇冠假日酒店 感謝CCTV .......激動地[淚]@賣火柴de小小小女孩 @正能量十足的奇葩妹子 @顧小小同學 @馬普爾兔 @範月敏fay @青檸冰Julie @HiroshimaRomansa @Emma王小熊的媽 @荒唐的直來直往 @dIstRictK",1,1,0
忘記取錢就回家了。明早再忘，就對不起組織！對不起人民了。[淚][淚],0,0,0
等了200分鐘，終於到了！真快！！！！,0,1,1
穿了兩週，就洗了一次，褲子就爛了，好大一個口子，都不能補了，只能扔掉，唉！,0,0,0
//@丁武唐朝: 秋褲哥[嘻嘻] //@飛常準:確定是在飛機上？確定是在客艙？確定不是在秀 身 材！[衰],0,0,0
原來還沒有意識到是個飛機場，在@毛豆想睡覺 和@陸洋_Lu 面前，我開始自慚形穢……今天晚上開始不喫飯了，只喫木瓜[淚],0,0,0
@布麥爾耶姆古麗 //@易峯攝影: [抓狂][淚],0,0,0
上當了，果子一個比一個小，而且很陳，是買過的最差的水果，就是不知道可以退不,0,0,0
回覆@殳俏:歡迎歡迎指導！讓俊男俏女列隊??? //@殳俏:啊。。。等下次來深圳[擠眼] //@好酒好蔡:冬夜，還沒有喫過此物的...如何心熄！[暈],0,1,0
回覆@蝦米zi1125:[睡覺]真的嗎？//@蝦米zi1125:回覆@?巍EVA:那改買v的xc60算了 不懂車的婦女太危險了//@by_左手:[暈],0,0,0
滿18歲父母就沒有撫養義務了吧，大學生知道自己的權利和義務是做人的基本吧。[衰] //@我是陳少強:畜牲,0,0,0
已經是第二次買他家的蘋果了，因爲第一次的蘋果個頭很大，甜度很高，所以纔會再買的，沒想到的是第二次送來的蘋果不僅個頭小，連甜度也下降了，真的很失望，希望商家以後能改進，以後也不會再買了，有點上當的感覺,0,0,0
1、酒店比較陳舊，房間小；2、臨街的房間噪音很大，從早到晚汽車、摩托車喇叭聲不絕，路人高聲講話至深夜，無法安靜休息。補充點評2008年6月21日：酒店瀰漫着菸酒味道，每天如此，特別是像那種醉酒的人吐了之後的味道，很不舒服。,0,0,0
面料是化纖的，很不舒服,0,0,0
我身體健康，可是達不到外形靚麗的標準~[淚] //@劉曉潔兒:哇!不得了!!天將降大任![呵呵],0,1,0
"昨天真的很絕望.我靠,11點,警察竟然會蹲在鎮寧路查酒駕,我的車被攔下來剎那間,絕望無助,LZ真的準備投案自首了,[淚] ,結果讓我走了..我一腳油門飛起,趕緊跑啊,[哈哈],所以,昨天一定喝的是葡萄汁,我醉了，是因爲被你們感動心醉了[愛你]  //@小黑姑娘家 @麥田的果子kiki @南宮天翰的圍脖 @閻娜也叫小annie",0,0,0
地毯很爛，這個牀睡得失眠，接車很方便，退房很快，噪音太大，趕飛機的話可以推薦，不急着的還是算了，價格也不便宜,0,0,0
怪不得最近判斷事情總出差錯//@楓笙映黎:終於弄懂我智商餘額不足的原因了！[淚]//@王鵬律師:智商下降原來是這樣啊！//@顏-春: //@山東衛視張曉磊: 只有不缺錢，就再也不用擔心自己的智商了！//@夏果果: 原來，智商越來越低是有原因的！[淚],0,1,0
需要適應的是我們 //@藏珍_在路上:白天看也會[淚] //@ayu08:晚上看這種會哭。。。//@慵懶島嶼flying:一定是這樣[淚] //@妍寶貝妍妍:@vanosw 嗚。。我會難過~,0,0,0
去年住過一次，印象很好，於是今年再次選擇。 隔音很差，隔壁幾個中年男人很大聲講話講到凌晨兩點多，還能聽見淫蕩的叫聲。 設備還是很不錯的，充電類型多，也方便。 前臺服務態度略差，我說希望能幫忙用軟件幫我叫車，因爲我手機不是智能機，第二天一早有會議急需用車。 但大堂值班的男生一直重複跟我說只能給我叫去機場的車，其實他可以跟我說爲什麼不能幫我這個忙，可是他臉色很不耐煩地不停復讀機這句話。 在廣州超難打車，基本都是已經被軟件預約了。一夜被吵到不能睡，第二天我提早一小時出門纔打到了車。 超差勁的二次體驗。 總結：前臺服務人員需要培訓，check in的時候不止對我一個態度不耐煩。 隔音簡直等於零，隔壁說什麼我都能聽得很清楚。,0,0,0
#2012溫網#今晚費天王與小德又將對戰，爭奪決賽名額[圍觀][抓狂] 費天王如今的體力不敵小德啊，雖然我也很喜歡小德，但我還是最愛費天王[心]費德勒 加油[威武],1,1,0
差評 拉鍊不行，各位兄弟注意了,0,0,0
@Chloe的呼吸 @瘋遊精L 還記得不？這cos神勇啊//@leeofgreen: @宋狍狍 [暈][暈][暈],0,1,0
真?要?注啊！//@MookBeauty: 所以?既??，??改成：???人唐英年！[兔子][偷笑] //@NicoleYeung:其?他的微博又真??好睇架...d ??[哈哈] //@MookBeauty:?於你既微博我必定多多支持[哈哈][偷笑]，但?於你本人???支持吾住！[汗][暈]?,0,1,0
裝修的味道太重，商務標準間的房間太小。旺季的原因吧，我結帳的時候聽到當天的房價又提價了，坐地起價，沒辦法。,0,0,0
買了三個，壞了兩個，想聯繫客服，找不到入口，真的是個坑，希望客服看到能給個說法！,0,0,0
[挖鼻屎]原來有個國家語委會耶，乾的事可真大！！！//@莊菁Eleven:[衰]腦子哇特了,0,0,0
小區裏有個開小賣部的80後女孩，家裏條件不好，但家裏兄弟姐妹5個。//@楊長庚: 解釋了個什麼，沒看懂。我恨我的笨[抓狂],0,0,0
土豆肉絲沒有一丁點肉，懷疑送錯了，皮蛋瘦肉粥很一般,0,0,0
看到有贈品一直有。怎麼就沒有送呢。你倒不如不寫有贈品。非得買前確認的買家你才送嗎,0,0,0
褲子挺好，就是物太不給力，,0,0,1
垃圾玩意，jd個渣渣,0,0,0
只是爲了促進經濟繁榮拉動內需而已 //@Jakii:[怒][淚] //@雙子座購物狂Foniz:#向天下購物狂致敬# 轉發安慰你身邊三位購物狂：@美瑩C @大春子 @Jakii,0,1,0
爲什麼我訂購了此書卻沒有發貨給我???,0,0,0
快遞慢都不說服務態度也不好，最重要的是褲子質量超級差，說好地送皮帶也沒送。沒想到京東現在越來越差了,0,0,0
其他可以忍~向sir這麼帥你也讓他掛？！[淚]@chloe518,0,0,0
真是過分！//@鳳不是凰:救她們的人在水裏的時候，景區給她們安排好了洗澡，晚餐和車，這幾個刁蠻女人不僅要點最貴的菜還不滿意景區給她們安排的中巴車，當然，還要狠狠地要一筆“驚嚇費”！ //@野M丫頭:上海人[怒] //@Japansky:人沒找到先談錢[怒][怒][怒][怒][怒] //@餘杭新聞網:[蠟燭],0,0,0
慰問一下守護在醫護戰線的同志們，哈哈！過年好 //@北京-小貓:那能怎麼辦 //@北京胖東是一個用名字刷屏的男人:真可憐 //@北京-小貓:同樂 //@遠古現代:新年快樂~~！ //@北京-小貓:[淚] //@大逗相聲後援會:可憐的喵貴人。。。555。。,0,1,0
我發現裝修真是一個改變人生最直接的途徑――愛情也不過如是。戀愛過程中會分手，準備結婚時也會分手，領證了也會分手，爲婚禮也會分手，爲父母也會分手，爲孩子也會分手，爲房子也會分手，爲裝修也會分手...看來因爲性格、脾氣甚至於外遇、偷情而分手的還是幸福的，因爲至少與感情有關[傷心],0,0,0
餓的？[暈] //@王煥桐:[衰][喫驚][生病],0,0,0
非常不滿意,0,0,0
兩個發黴的蘋果，客服補償了350京豆,0,1,0
不好 很不好 售後態度一拖再拖，非常不滿意！！！！！,0,0,0
"根本沒減單啊,沒有優惠啊",0,0,0
各種羽衣甘藍下來了，點菜時選她們吧，太美了！要不給人販子拉走太可惜了[淚],0,1,0
我很失落，特別不愛丟東西的我，昨天買了一支遮瑕膏，還沒到家九弄丟了！[淚],0,0,0
看了下元旦外出旅遊的價格[衰]太貴了！不讓人活了啊,0,0,0
怎麼還沒到年三十！！！小編已經開始瘋狂想念媽媽燒的年夜飯啦！[抓狂] 滿滿一大桌，全都是我愛喫的，沒有比這個更幸福的啦！[給勁] 除夕還有三天，好吧，聽聽@小?本尊 一家人聊聊年夜飯也不錯哦！【#城市有你真好#，四川14:00，山東18:00，其他城市的聽衆可以通過手機客戶端@蜻蜓FM 收聽哦！】,0,1,0
據說它可以換輛小牛[衰],0,0,0
隊服是黑T..我想要火紅那件 誰給我換換 [淚],0,0,0
使用過程中，發現操作系統不及WINDOWS更易上手;內置遊戲沒勁。機子反應不夠快，和同事拿的諾基亞的智能手機相比，穩定性也差一些。觸筆拿在手裏，不合適，如果有一長一短的就好了。按鍵偏小！無來電防火牆和自動開關機功能！近六千的價格，還沒有收音機！原裝電池也只配了一塊！,0,0,0
這個决策對我們的團隊造成了嚴重的損害。,0,0,0
房間內一股黴味，被子黑心棉睡了全身都癢。淋浴噴頭的小眼都塞死噴不出水。水龍頭調左調右都是熱水，沒冷水。,0,0,0
//@每日好書推薦：[淚] //@康定斯基:伊伊媽媽已確認遇難。她在出事前一個多小時發的最後一條微博中寫到：“人小脾氣大，小寶貝，你什麼時候才能長大懂事啊。”可憐的孩子，怎麼幫助她？[傷心],0,0,0
"回覆@海巖-sea:[嘻嘻] //@海巖-sea:哇塞老馬你太善解人意了,你咋知道我都快掉成禿子了…[淚][?] //@勇敢的馬: @海巖-sea @一直很安靜的Jing @糉子皮_16n @鍾Sir--   //@佩瑾rachel:[心] //@侯阿怡:@佩瑾rachel [愛你][愛你]",0,1,0
[愛你][愛你][愛你][愛你][愛你][愛你]希望寶寶也稀飯/@豬豬女王-:喫到了，我也就滿足了[親親][親親][親親] /[淚]好感動呢，美女稀飯就好，保證杯子裝到塞不進去哈哈[愛你][愛你][愛你][愛你][哈哈]@豬豬女王-:容易嗎我，從牡丹園到你們這，就爲一甜點，今天要把你拿手的都喫一遍[花心][花心][花心],0,1,0
//@迷失的雙子: //@許柏成:哀悼~//@高丹青Mistie:[淚]我是有多?《瞧?一家子》[淚]//@頭條新聞: 轉發微博,0,0,0
轉發微博。 星座愛情001:愛情敗在了距離上。[淚]  @美文故事,0,1,0
一般，量挺足，味道一般,0,1,0
問題多多，屏幕刷新率不好導致重影嚴重，看網頁，貼吧晃眼睛，明顯看着不舒服，劃屏都有點卡，充電插口做工有問題，插口坡度設計問題致使不能正常插拔，要小心翼翼的充電，貼吧已經有插拔損壞的反反映，系統分屏目前還是探索，並沒有用心做分屏，華爲這麼大的公司，人才濟濟既然還有這麼低級錯誤，實在不應該，音質洪亮飽滿，這個好評，攝像頭一般般，不好不壞，微信登錄始終有問題，也只能看個電影了,0,0,0
也納悶了一個月總會有一次 也不知道是要發泄一下苦悶 還是心裏的委屈 都要傷心的哭的稀里嘩啦 但是看看兒子 都是當媽的人了 哎 怎麼辦呢[淚],0,0,0
天河北堂會？大家小心了 //@張健盒子支付:用自己的POS吧[呵呵] //@智能卡技術: 看來已經進入信用卡被盜刷高發期了，持卡人還是謹慎用卡吧，即使是億分之幾的概率發生在自己身上也是百分之百。[衰]//@黃培強V: 不是吧，天河北那麼黑啊。。。。還好我沒過去！//@遊子: 天呀！天河北堂會？這是真的？,0,0,0
發票遲遲不到，售後反應太慢。,0,0,0
回覆@火星馬克叔叔:[嘻嘻][嘻嘻] //@火星馬克叔叔:奔馳第二讓人不可思議，這個破車。[暈],0,0,0
同問，爲啥不給咱出鏡的寄一本呢[可憐][可憐][可憐] //@濤兒媽:哇噻，濤兒媽超開心喲！爲什麼大主偏@我愛廚房韓偉  沒有給濤兒媽快遞一本呢？！[抓狂],0,0,0
阿婆很美 //@阿雅:感?！[淚][心][鮮花],0,1,0
[偷笑][偷笑][偷笑] //@徐紀周的微博:耍寶剛剛開始[暈],0,1,0
。。。不是吧~我也打不開[淚]害我把之前的留言全刪了，整個微信App都刪了~ //@Rita-瑞塔:大早上起牀沒有微信的日子，很無聊啊@妖嬈地主婆 //@童童_christine: 中槍....,0,0,0
反正我不喜歡北京人，那譜擺的，彷彿所有外地人都弱智似的。[哼] //@雪凝花璨:暈！是好奇。。[淚][淚][淚]//@整合營銷傳播推動者:這個擺譜和那個擺譜有什麼關聯嗎？[思考],0,0,0
//@獅鳶sonny: 都想要！！！！特別是那個熊[淚],0,1,0
今早送我的司機說老婆在家裏存了餅乾蠟燭等必需品，深信12月22日將黑暗三天，世界將從三維空間變成四維空間，東北將變成南方。。。[生病][[暈],0,0,0
[抓狂]//@全球電影收錄: 還有什麼比曬老婆廚藝更拉仇恨[哈哈],0,0,0
這。。這。。回去告訴俺爸，看他還看非誠勿擾不。。。[暈],0,0,0
速遞級慢，等了將近2個小時，也沒有賠付，以後沒法在百度訂了,0,0,0
無網絡無法上 太差,0,0,0
[淚] 真不容易,0,1,0
說了送襪子送的呢，'*客服，褲子掉色嚴重，地攤貨,0,0,0
和莫泰金華店比起來，這家差多了。但和黃山其他酒店比起來，價格還算便宜。攜程的價格和門市價一樣，而且不含早，沒有一點優勢。但如果加入莫泰會員，就比門市價便宜20元，還含早，所以我花了50元買了張會員卡。這家店現在熱衷於做團隊生意，對我們這些散客來說是不好的消息，因爲稍大的房都改成標準間了，我要的大牀雙人房就在電梯旁，團隊出發早，就顯得非常吵，睡不好，而且房間非常小，小得令人驚歎，無法轉身，第二天貼了錢換到標準間去了。餐廳也簡陋得令人驚歎。入住這家要做好心理準備。,0,0,1
牛肉咬不動，太酸，太油，還有股子藥味！也沒有註明是辣的！沒喫，都到了，還這麼貴！差評！,0,0,0
有圖有真相，再轉!@瓦瓦Vanilla 你們辛苦了! //@演員孫茜:[淚],0,1,0
輕輕一揪就出痧了[淚],0,0,0
@雙魚座的刺蝟 @阿皮是隻小貓咪 我是鐵定看不上@中國好聲音 了[抓狂][抓狂][抓狂][抓狂][淚][淚][淚][淚][淚]關?，幸運能看個第一名，必須@關?[花心][花心][花心][花心][花心][花心],0,0,0
酒店太髒且設施陳舊，不符合三星標準，前臺價格低於攜程價格,0,0,0
火龍果不新鮮哦，皮上都有着發黴了,0,0,0
酒店位置雖然在浦東機場附近，如果沒有導航根本找不到的。酒店內的設施有些陳舊，給自己手機充電，插頭居然在書桌下面，和 很不方便。電視機調節目不好調，服務員居然電話指導，不上房間。服務不周到。,0,0,0
選了個澡+衣服，沒了三塊多~大學城的熱水，流出來爲毛像牛奶一樣乳白色？可不可以不要那麼貴！[淚],0,0,0
“差“就一個字！以後再也不去這裏了。價格還貴的離譜，感覺被坑了。,0,0,0
"送過來的時候最底下的粥都壓扁了,全灑了,送餐員也不看一眼,一坨就給我了,無力吐槽",0,0,0
這一早就熱氣逼人[抓狂],0,0,0
時間一長特別不好喫,0,0,0
菜明顯是剩菜，跟之前買的完全不一樣,0,0,0
褲子是還十一之前買的，碼數小了，退回去換到現在還沒收到，鬱悶,0,0,0
那麼好喫的柚子，有人竟然會感到 密 集 恐 懼 症 ！！[衰],0,0,0
剛買幾天就降價，打電話給京東客服，簡直垃圾一個，虧我還買了這麼多東西，7008客服態度要死不活的,0,0,0
都打電話確認兩次了，跟我說已經取消了，結果還是送了。本着助人爲樂的原則，我還是付款了。,0,0,1
[暈][汗][淚],0,0,0
鄧麗君仙逝後又一歌壇巨星隕落！[淚][蠟燭] //@四正居仕:【追夢人，早已駕鶴而去】歌壇天后鳳飛飛，早在今年1月3日凌晨3點19分因肺癌病逝。她行事低調，加上又快要過春節，因此生前遺願就是囑咐律師等後事都辦完之後，再對外公?消息[蠟燭] @KC鍾 @開心的老宋 @老誰V,0,0,0
499次[轉發]//@河南日報: 王菲......[衰][疑問],0,0,0
剛下完單就降價 申請價格保護 誰是促銷 不差那點錢 但心情不愉快,0,0,0
絕對的假貨，比超市裏的差遠了，洗完後頭發枯燥，一點都不順暢。不要上當受騙了……還是選擇正規商場去購買吧，雖然價格貴點，但總比假的要好。,0,0,0
今天能不能睡着了[抓狂],0,0,0
[淚] [淚] [淚] [蠟燭],0,0,0
20個蘋果都沒有十斤，唉，就那樣吧,0,0,0
殼子有點松，質量差,0,0,0
剛抱着箱子回家，前面是一揹着書包剛放學的小男孩兒，他瞅我騰不出手特地幫忙拉着鐵門，直到我進院兒。隨後，小孩兒追上來，跟我搭話“你怎麼不上班啊” “箱子裏裝的什麼啊？” “我該叫你姐姐還是阿姨呢？” 見我沒理他，小孩兒又說：“阿姨，你長的還行就是皮膚不太好。” 我擦.. .. [怒],0,0,0
太難喫了，無法形容！,0,0,0
徹徹底底是假貨！鑑定完畢！大家小心！,0,0,0
每次看別人指彈的視頻就想要自殺~喂貓別人談得那麼好~~~[淚],0,0,0
讓指甲歇足一個月，指甲休息了，手藝不精了！[汗]各種抖，塗完十個花了仨！[抓狂]好心情瞬間打折扣。。。。[淚]不過擦了重塗，心情又瞬間美麗了起乃~[愛你][月亮][打哈氣],0,0,0
辦了一件極其丟人的一件事@Mr培翔李 你懂的，噓[噓] [淚],0,0,0
靠 //@流氓兔很文明:不偷工減料就不行！[怒]//@上海官微精選: 【帝都牆倒】提醒魔都同學，新開通的地鐵線，大家都當心些[奧特曼],0,1,0
[怒] //@掠過子夜:不能這麼糊弄社會輿論吧，至少廣州市政府應該公開調查事實和處理結果，處理不光是對幾個“臨時工”，還有局長、分局長及相關領導也應負領導責任吧@中國傳媒精英俱樂部 @南方都市報熱線 @記者的家 //@庫克船長日記: SHIT!,0,0,0
NND，總結最多隻讓人寫100字，不夠啊，見總結！ 一，做工較粗糙！塑料感極強，整個一個塑料洗臉盆！機身銜接縫隙大，上下不齊！ 二，鋼琴烤漆容易髒，容易刮傷！指紋就不用說了，才兩天烤漆就刮傷了！,0,0,0
突然好想喫甜食！想尋找脣齒間滑動的甜蜜～ //@初利://@怡然自得-Even: 在我餓的快暈倒的時候看到這張圖，想讓我怎麼滴？！[淚]//@微博經典語錄:想喫的轉~[花心],0,1,0
完了~我掌控不了我的人生~[淚] //@潮音樂:一個女人如果連自己的體重都控制不了，何以掌控自己的人生！,0,0,0
默默的看~~~//@任衛新: 甭管是誰，只要到這裏來都得乖乖滴。[酷]//@石小杰微博: 伙食出了問題!沒上硬菜吧![偷笑] //@侯寧:這表情，難道股市讓文學藝術家都莫言了？[暈]//@毛大慶: 哈哈哈！讓我想起另外一個時代。,0,0,0
本來是常客了，可是在肉夾饃裏喫到了一根黑毛貌似是鼻毛，什麼都不想喫了，以後還敢定誰家外賣。。,0,0,0
這樣的企業應該讓他死掉 蒙牛一經理篡改生產日期被抓,0,0,0
羨慕死我們這些窮鄉僻壤的盆友了！[淚]//@大鵬揹包走天下: 真不愧是全球奢華小酒店聯盟的成員酒店呢！住在這裏體驗一種人性的尊重，連拖鞋都是那種厚而軟的感覺！//@XMAN_宗介: 今和大鵬一起去的，這個酒店真的非常棒[贊],0,1,0
商品描述的有問題，說背心裏面加絨，都沒有加絨，面料摸着太差了。,0,0,0
屏幕有裂紋，客服說簽收了不理。,0,0,0
價格在貴陽算便宜的，不過房間太舊，夠大，空調暖風白天不開，生氣！,0,0,0
我想要相機[淚],0,1,0
次凹...Paul被淘汰了！！！不接受不接受不接受！！！！！[抓狂][抓狂][抓狂][抓狂][抓狂][抓狂][抓狂],0,0,0
3月9號就報警了！！爲什麼就不能按照目擊者給出的方位搜尋呢！！！馬來西亞航空，政府...太泥馬操蛋了！！！[抓狂][抓狂][抓狂]...泥馬滿滿一飛機人啊！！！都是生命啊...！！！,0,0,0
//@混血一霖: 希望大家平安啊…[淚] 老天爺別下了//@劉海斌強強:希望在北京的朋友平安//@喬小乖要減肥: 願所有人平安[心],0,1,0
久久鴨的口味偏頗，辣味不是很濃。總體而言還行。但是沒有餐具，雖然我的單裏說明要餐具了，這是一個遺憾！不過送餐速度很快！,0,0,1
1.有點沉；2.驅動下載太麻煩，我是全部下了，1.5g，安裝後硬件的小問號是沒有了，但不知道是不是最新最匹配的，請教這個怎麼確認？3.內存小了點，標配2g就好了，不用自己升級；4.據說芯片組不怎麼樣。,0,0,0
對商家徹底無語了，下單是黑色褲子，寄過來卻是別的顏色的 。還有就是褲子很明顯 褲子是舊的,0,0,0
我總認爲香港西藥太猛，每每喫完就犯困發懵，所以多看中醫。香港中醫貴，兩包藥140，屬自費。但喫了兩天沒啥動靜，看來只能喫西藥了[暈],0,0,0
喫了倆大芒果，現在覺得渾身燥熱。腫麼個情況啊這是？喫芒果會上火的嘛？[抓狂],0,0,0
哇   真好看   偶也想要[抓狂],0,1,0
隔音差，服務人員素質低，不禮貌。狗屎酒店一個,0,0,0
