text,label,google
真的城管真的狠惡心拿什麼來拯救你們這些土匪啊[怒]文明社會文明執法心寒啊[鄙視][鄙視],0,1
下午，有抄襲前科的網文作者和營銷號爲蹭熱度集體出來道歉，12月31日正式成爲“反抄襲日”。,0,0
我還以爲都是自己畫的呢原來已經批量化了…………[哈哈],0,1
你們居然還用張顯那種人靠虧我還在電子科技大學上過真丟人,0,0
你怎麼選了個鄉村郵遞員的款式我還以爲你要挑選1號騷包款呢[偷笑]上右,0,0
你們誰見過齊B小短裙啥樣兒齊B小短裙看來兩會上有乾爹沒幹爹就是不一樣,0,0
和你學呀不喫早餐[哼]。。。還好意思叫別人照顧好自己你呢[怒]==空心竹。。。52#願奇隆一生幸福平安#,0,0
女性仿妝或成培訓行業新藍海。張飛、李逵、魯智深等經典大漢形象會成爲女性仿妝教學的重中之重，因爲學會了這些，她們就能在某些地方喫上大份盒飯了。 ​​​,0,1
剛剛，墨酉哥警方致電《毒梟》劇組，稱他們爲新一季《毒梟》做了一個campaign，無論線下執行還是線上傳播都很成功，不但邀請了重量級人物參與，而且這次campaign的主題還與上一季結尾時毒梟瘦子指揮軍隊的懸念相呼應。因此這次的推廣至少值一千萬美元。 ​​​,0,1
武漢某高校教授發表論文《東北人‘能動手就儘量不吵吵'的性格成因分析》，論文稱這全是因爲“冷”：天冷人們不愛囉嗦，同時動手還可以取暖，所以形成這種性格。文末提醒，國民日益矯情的當下，南方若不供暖，南方人也將更愛動手，或致國內暴力事件飆升。 ​​​,0,0
C羅今天的任意球各種不靠譜……好吧我再次鑑定大家還在過節沒進入工作狀態,0,0
"可以再蠢一點!剛剛倒水開錯開到熱水去~~~燙到手>""",0,1
“我不知道我哪裏做錯了，她就狠心讓我給她當伴娘…”女生小茜哭着告訴記者，自己一直把好友娟娟當最親的閨蜜，結果娟娟卻挑她當伴娘。隨後我社聯繫到下月結婚的娟娟，娟娟解釋，因爲小茜在朋友圈曬倆人的合照時，足足有5次沒有幫她美圖，讓她當伴娘就是想借機懲罰下她。,0,0
甄功夫真垃圾如來佛一巴掌就收了你[微風]Andy知道你這幾天辛苦了[good],0,0
真是太妙了，昨晚一夜折騰，完全忘了今早該去看甲狀腺醫生。沒藥了。太～～～妙了。:-&,0,1
"很好。今天整個睡過頭,還被小人兒罵臭頭...:-&",0,1
天哪~~38度C!!可以再熱一點！最高41度吔！烤焦了！,0,1
#諾基亞非凡派對# 你們想幹嘛？唯恐天下不亂是吧？我就擺保險櫃了，咋樣！我保險櫃多着呢！你敢說你沒用過諾基亞？！,0,0
很好，我剛回到家，等等要線上補課，就這樣,0,1
8歲男孩摸一個女生的屁股，100%是出於天真無邪的善意，應該是他覺得那人站得太累了，就上去幫按摩下屁股，緩解疲勞，這時正常人的反應都應是致謝而非指責。 ​​​,0,1
昨天看到一句話，很經典。“有些女人在找很man的男人，結果發現最man的是自己，”,0,1
我真虧你好意思發這個？不進chrome進誰？,0,0
回覆呵呵你講我一定也這樣轉述煙臺某報使陰招多了去了老王頭也不講還大勢呢,0,0
怨誰呢咱們請的管家可咱們連換掉的勇氣都沒有甚至連監督的權利也沒有再往裏說就是根基問題了你懂的,0,0
微軟官網可以再慢一點X-(,0,0
你把線人的褲衩都賣完了還狗屁保護，真虧你先人。,0,0
報道稱，儘管有的奧運裁判表現出色，但裁判並非他們的唯一職業和身份。有的裁判不但是裁判，他們甚至還是運動員，比如，他們中的不少就會留下來參加九月份的奧運賽事，其中盲人足球、盲人門球、盲人接力跑等都是他們的參賽強項。 ,0,1
就應該讓男人們都懷次孕你就知道老孃有多辛苦了JMs分享給你的另一半再對我們不好就讓他去懷孕,0,0
很好~我又要24小時沒睡覺啦:-&,0,1
傳媒大學一教授講課時點名批評了卓偉，說卓偉連新聞最基本的定義都不懂還妄自稱什麼中國第一狗仔。該教授稱卓偉明知娛樂圈沒有明星不抽菸卻還把鄭爽抽菸當成新聞來報，稱這簡直就是個笑話，並說卓偉如果能證明鄭爽不抽菸那才應該當成頭條大報特報。 ​​​,0,0
近日有專家稱，現在很多人抱怨沒有以前的年味了，其實這並不是因爲生活變好了。而是因爲對多數人而言年味就是鞭炮的味道，而如今霧霾天頻繁，霧霾的味道與鞭炮味道相近，導致人們平時就可以沉浸在幸福又美妙的年味之中，於是真到過年反而感覺年味淡了、沒了。,0,0
不用颱風我也看不到球賽了吧，可以再不爭氣一點啊,0,1
同部門的不能知道密碼，可以跟別公司的人說密碼，馬的....可以再機車一點！,0,0
啃!很好..這次尿在我的枕頭套上..而且牀墊也被用到了..X-(,0,1
以前國足先後學習過巴西、西班牙等，但都不太成功，現在需要找到新的學習對象。而當今公認的世界最佳C羅，有三大特點，一是勤奮，二是職業，三是不紋身，這三個特點中第三點最好學習，而C羅總共就三個特點，顯然學會一個就可達到C羅實力的三分之一，球員們有了這樣的實力基本就可保證躋身足球強國行列。,0,1
爲什麼不敢，你去給姐買個。姐賞你飽個眼福。，你敢再給勞資拽點嗎？[哼] 謝謝，可以考慮。，夜場必備@莞爾____,0,0
我真的受不了你的脾氣，你以爲你是誰？！憑什麼要別人都以你爲中心！你不是上帝，有時不要太過分！,0,0
很好，我的電腦又掛了,0,1
唸書很了不起嗎?脾氣可以再大一點!,0,0
教室攝像頭家長可實時觀看這種事情非常利於孩子健康成長，因爲上課時有無數雙眼睛盯着，會有活在舞臺中央的感覺，會激發孩子表演出更好的自己，而且從長遠看，也利於孩子克服內向，從小上課就被盯着，以後工作了老闆出現在身後也不會怯場，會更有出息。 ​​​,0,1
新版MSN下載可以再慢一點!X-快一個小時了還沒load完是怎樣....,0,0
雨!你可以再下大一點沒關係~,0,1
淦......lab冷氣壞掉......可以再熱一點.....X-(,0,0
"剛剛中x銀來電推銷儲蓄的意外險,說什麼繳2年後可以不繳還可以保到20年,如果中間繳不出來可以停繳兩年.最好可以再沒道德一點啦!騙人不懂保險呀",0,0
很好我他媽的又發了個忘記附件的信出去都不丟臉,0,1
據瞭解，“軍訓走進食堂”只是我國特色軍訓的第一步，以後還會有“軍訓走進網吧”、“軍訓走進澡堂”、“軍訓走進燒烤大排檔”等豐富多彩的形式，以此磨練新生堅強意志。,0,1
聽奧競賽場次可以再亂一點沒關係X-(,0,0
原來日本也有小品哦[挖鼻屎]那央視和馬桶臺豈不是五十步笑百步了？ 沒看春晚一會兒起來看看正版[挖鼻屎],0,1
她懷的是妖怪~~鑑定完畢。[偷笑] 請生過娃的母親們給鑑定鑑定此圖的真假！,0,1
狗需要通過嗅到和發現同類的糞便，才能感受到生活在狗的世界，而如果把狗屎及時清掃，狗找不到同類的糞便，則會長時間緊張心悸，感覺自己生活在陌生的世界。另外，狗的基因裏寫滿自由，不喜束縛，每次遛狗時栓着狗，也都會對狗的身心造成巨大傷害。所以綜合狗的習性和養狗習慣，中國人才是最有資格養狗的。,0,0
這是甚麼鬼天氣，真的可以再爛一點沒關係:-&,0,0
太好了～終於要再一次接受漏水測試了！:-&,0,1
一顆心噗通噗通的狂跳。很好，我真的覺得有東西快從我喉嚨裏跳出來了:-&,0,1
那不屑的眼神，是在說“一羣sb，有什麼好看的”,0,1
貴國文化人兒扎堆往瑞典元素靠又成趨勢了，噴了。幫幫忙好伐，剛的一體死噶,0,1
"那些阿都阿主管有沒有這麼好乾阿，你們母公司來稽覈，去的通通是主管，我們部門你要我一個小小助理去擋!!很好，接著我得到的回覆是""最清楚的就是處理人員""，然後所有表格通通丟給我填，然後填完回出去，又說還要他同意。是怎樣，阿不然資料通通丟給他填嘛，奇怪勒，丟給我幹嘛。＝＝凸X-(",0,0
你可以再誇張一點辦公室熱的要死你不要空調一打立刻穿外套到底是不是男人這麼虛X-(,0,0
回覆 [囧]，[囧] 亮點在此：全民醫保只需200億美元，某朝說沒錢。踢國民的襠，舔外國的菊，sigh,0,0
很好個噗浪~你可以在跑慢一點...:-&,0,1
張琪燦damon:今晚ccav精彩回顧：劉謙與董卿的經典對白徹底無語了“董卿小姐，堅硬嗎？……嗯，堅硬！”“你要我從哪個地方穿過去？......中間吧！=董卿：劉謙再來一次嘛~董卿：（劉謙你）太棒了！|oh~yeah~~董卿：一年不見，你的手越來越靈活了……真是太棒了！,0,1
索尼愛哩死的工程師可以再低能一點沒關係!記憶電池失效關韌體屁事啊?想呼巄我!竟然還跟我說用旅充就不會再發生類似情況！那我多買一顆原廠電池是買心酸的唷！X-是不專業耶,0,0
再讓我買不到就組團去公司CEO家搶老婆中國人覺的得不到總是好的,0,0
實在沒辦法接受這種處理事情的態度。可以再給我擺爛一點X-(,0,0
還和乾爹“常相愛”呢乾媽也不出來不管管這孩子2012乾爹的磨難年,0,0
如果學生犯錯，學校就直接開除，這種操作看似簡單，但卻很不負責。犯了錯的學生，直接開除，放到社會，就會有危害社會的風險。而負責任的學校則會選擇留校察看，幫助其改正思想，重新做人。因此留校察看不僅是學校負責的表現，更是對自己教育實力的一種自信,0,0
法拉利可以再腦殘一點傲慢也不是這種傲慢法,0,0
昨天就掛斷兩次我還以爲電話壞了呢咱真不能都怪電話[偷笑],0,0
元旦煙臺富士康員工墜樓身亡死者新入職不足兩個月富士康你是風水有問題呢還是公司有問題呢。。。,0,0
終於租到20世紀少年!!!!!!!!!!!!!然後又跟家裏吵了一架!!真是太好了阿,0,1
一些網友吐槽現在的選秀不好看，以爲是優秀人才都選沒了，導致節目質量下降。其實真相未必如此，優秀的人肯定還有很多。節目組可能是很有社會責任心，發現現在年輕人普遍自卑，於是故意找些一般的選手，讓熒幕外的年輕人感覺自己並不比選秀明星差，這樣他們就能更自信樂觀地面對人生了,0,1
http://tw.news.yahoo.com/article/url/d/a/091019/1/1t8tu.html胸罩被打理由是詐欺)這也太屌了，那些男人是在憤恨不平甚麼勁啊!,0,0
目前環境下，很多選手會發現，唱rap想出名，要麼唱得特別好，要麼唱得特別不好。而唱得特別好很難，唱得不好卻很簡單，而且唱得不好中再帶些奇怪的小特色，則更容易火。因此未來上節目前，先師從劉能趙四，掌握一門磕巴式rap或咧嘴式rap，纔可能在詩朗誦中脫穎而出。,0,1
這就是太平洋的高空景觀你妹啊還不如我家呢[睡覺]@方逸瓊Duchess,0,1
阿狸版江南style。你敢不敢再可愛一點！,0,1
天氣可以再熱一點啊!!!是想熱死我嗎X-(,0,0
啊？難道gmail不能登錄嗎？虧我還最相信gmail了,0,0
【藍媒e搞】公車上銷魂的睡姿虧他想得出來的傷不起傷不起,0,0
30號，廣州陳先生的第二個孩子出生，比二孩政策正式落地提前了兩天，仍要交8萬罰款。陳先生說，半年來天天對這二孩胎教，告訴他晚點出來的話，那八萬以後都是他的，結果孩子還是不聽話早出來了，估計長大也是個熊孩子，於是給他起名叫——不乖。,0,0
全因有你，拜你所賜。做怨婦挺快樂的。哈！，肯定系你地啦 @jaymenL,0,1
看到西安，哥樂了。這個取景，現在再過100年估計還是一樣，呵呵,0,1
現在已經蘿蔔快了不洗泥。 北京的兩所兒童醫院早已不堪重負， 累死醫生無所謂，北京，真有你的,0,0
"很好!本來想到公司避暑,沒想到公司冷氣壞了",0,1
轟胎~可以再強一點嗎.....,0,0
"""非死不可""的開心農場可以再給我爛一點",0,0
真的可以再無聊一點。我把蛋從冰箱拿出來，隨意放在一個煎鍋上，想讓它們回覆室溫。阿莫先生說**你不知道煎蛋要把蛋殼拿掉嗎？你要把這個廚房小祕密寫到書上喔**起牀至今兩小時，喝了水喝了咖啡喫了點心，他還不斷重複玩這遊戲。,0,0
北京的領導鬆了口氣，再挺一挺輿論焦點就轉移到天津那裏了。,0,0
很好，主管還是不可信的....,0,0
我們都是苦逼哈哈[哈哈]看人家教授再看看咱教授就會他媽＂這周還是十張手繪＂@K-Crave,0,1
"居然拿到機王,運氣還真好...明天又要跑一趟,真麻煩",0,1
周小姐很有才很有創意也很鹹溼齊B小短裙虧他能想得出以後普通人是不會日她了留給2會把,0,1
[偷笑]以五十步笑百步！， 易居“被老二”了，中原'被失蹤”了！， 易居爲什麼排第二？中原呢？都是當年的老大呀。,0,0
有美國網友提出，現在的阿拉斯加白天二十多個小時，黑夜只有區區幾個小時，有的地方甚至全天白晝，不給黑夜一點空間，對黑夜非常不尊重，這樣的地方讓倡導種族平等的美國人感覺羞愧難當，因此他們建議，不如直接將這丟人的阿拉斯加還給俄羅斯。 ​​​,0,0
我想...我快失業了....老闆你可以再討厭一點!!,0,0
唯獨貴人一點不好的就是貴人多忘事~其他都好~碰到多忘事的貴人那就自己默默做貴人的記憶芯片吧~,0,1
拜你所賜的一週年紀念，你的皮究竟有多厚？你不會心虛？還這麼坦然自若的進出？看着你，真膈應！！[吐][吐][吐],0,0
很好老媽說星期日要回四川去，最近越來越常搞兩個人都不在家的狀況了,0,1
慘嗎？我覺得他們特別的幸福啊，安倍急不可耐的想再來一回。,0,1
灣正式進入政府一言堂的時代)：偉大的衛生署長楊志良昨天表示，「不專業」的人不可以評論衛生署H1N1疫情,0,0
做雞都嫌你閪臭啦！[鄙視] 影衰90後，影衰女人！[弱],0,0
中國沒有言論自由，你敢說我就封了你的嘴，打了你的腿。，轉發微博,0,0
"很好阿!X-司可以鎖的外部網站全都鎖了->無名/噗浪/臉書/雅虎購物全都要下班時間纔開放,以後上班只剩福利課陪我了!是不要乖乖上班就是",0,0
當今只要你敢脫，敢不要臉，就能成名人，[鄙視] 又紅了一位肉彈[喫驚] 哇!又見豔照!,0,1
現在網上跟他人爭論，如想立於不敗之地，可搶先承認自己是蛆，因爲如今不管你持什麼不同觀點，都會被對方稱爲xx蛆，所以蛆已大衆化，不丟人，而且對方一般除了會說你是蛆，也就沒其他內容可輸出了，你先把他的招使了，他就不知接下來如何攻擊了。 ,0,0
美國的醫療還真先進啊！白血球持續下降就直接進無塵室隔離！那之前我掉到只剩1000多，怎麼還可以到處晃來晃去，還外出洗頭哩,0,0
圍觀~~每個留學生心中滴女神！！！[淚]還真是第一次這樣見到這個老太太呢跟瓶子上長得差太多了吧,0,1
我一直有疑問，一個1、67米的男人能當兵？[衰][衰][衰]而且還是各種都一流的，貌似特種兵？？,0,0
問出去玩的事這麼不想回答，很好呀！我也不是很想淌這個渾水！搞得我好像求你。!,0,1
趕緊入日本籍自行車還有希望再買一輛吧！，，轉發微博,0,1
....Boss你也太早講了吧..明天就要繳論文計劃書+核研所報告+書報報告+KM作業:-&,0,0
清晨五點入厝...半仙還真會給我挑的好時辰哩!,0,1
"今天早起,比較早去公司,然後運氣還真好...居然撞車了",0,1
[怒]雖然看過但再看一次還是如此憤怒農民工讓坐卻遭女子白眼,0,0
好了好了..這下真的太好了.........我漂亮又愛遲到的女人來了:'-(,0,1
如果真的這樣還不如中美合作所的刑罰呢畜牲[怒]反動派在歌樂山渣滓洞對江姐動刑也不過如此,0,0
:'-好我私藏ㄉ免稅煙都抽完ㄌ...我要倒在地上大哭一場ㄌ...失業ㄉ人一包九十大洋ㄉ煙抽不起...,0,0
各個景區人都多，如廁、喫飯、買票等都需要排隊，一趟旅程下來，通過好幾天的排隊肯定會鍛鍊和培養自己的文明素質,0,1
小勝靠智商，大勝靠缺德！by：牛根生,0,0
原本就是一個師傳，五十步笑百步而已。 ， 做新聞，全世界，你們最勇敢。,0,1
得獎公佈一延再延你很好阿你BenQ，評審名單不是該幾個月前就確定了，怎麼會關鍵時刻纔來說目前評審都在國外所以決審順延!?理由不充足啦!!!X-(,0,0
警察也不是爲人民服務的找回來的想法早點打消吧別做夢咯[挖鼻屎],0,0
很好~我又睡不著了~時間作息要趕快調回來~不然我之後的生活就會很麻煩啦~:'-(,0,0
很好....頭髮在這樣掉下去!我看不出兩個月就要變燈炮了..,0,0
今天七點半才下班~很好~VERYGOOD~祝你考試100分~,0,1
很好，今天整個再computex忙到晚上9:40，又給公司賺到1.5個小時,0,1
很好~她不是在洗澡...剛剛打給我說：「對不起~我忘記了>,0,1
很好...又天亮了...睡覺時間又到了:-&,0,1
很好!!腦袋還是不靈光...:-(,0,1
很好!難得的週末我竟然只能待在家:'-(,0,1
卓偉曝出鹿晗有女友和孩子後，很多媒體收到大量證實信息，總計約有9萬多女孩自稱是鹿晗女友，併爲鹿晗生過孩子。談起與鹿晗的愛情時，她們都很看得開，沒有怨言，表示孩子她們自己帶就行，鹿晗不給名分也無所謂，只要有空一月來看她們娘倆兒幾次就好。 ​​​,0,1
喵兄！你的睡相可以再醜一點嗎？,0,0
"TVBS記者大人們的素質果然很好很強大...剛剛採訪從災區救出來的小孩子竟然問他""爸爸在哪裏""...我就不信他們不知道國軍是先救老弱婦孺",0,1
很多人沒意識到，給明星送禮，粉絲其實並沒有真正花錢。因爲明星收了粉絲的禮物，然後轉手在網上原價售賣，粉絲馬上再買回來，禮物又回到粉絲手裏，物歸原主，所以粉絲等於壓根沒花錢，還白賺了一件明星摸過的東西。 ,0,0
"叫一個一句日文都不懂的人跑去日本看展,然後拿一堆天書回來叫我翻譯且還是照片沒有檔案)!!!你們這些人可以再腦殘一點...",0,0
很好~夜騎完貓空~體重有增無減!!!X-(,0,1
有分析認爲，雙十一當天，懂事的單身人士應該給情侶打錢。因爲許多年前的雙十一是單身人士備受嘲笑和譏諷的日子，後來因爲情侶們在這天瘋狂購物，才讓人們漸漸忘了這是光棍節，也正因如此才讓單身人士免於每年被嘲諷的尷尬。因此單身人士應對情侶充滿感激之情，雙十一當天最好給情侶們打些錢報報恩。,0,1
[Mabi]很好...解封也不給放銀行硬要喫格子就是了!!!,0,1
《人民的名義》中，高小琴從一個沒背景的普通女孩，用短短十年就奮鬥成爲身家數十億的美女老闆。而這部劇能受歡迎，很大原因是觀衆對劇情感同身受，這也就證明現實中高小琴這種勵志女孩很多，更證明我國階級流動很強，完全不存在所謂的階級固化問題。 ​​​,0,1
哦冊那原來那個搭配的格子襯衫不是一般滴噁心他跟拍還嫌不好啊腦子有病啊,0,0
得到梅西與巴薩分手的消息後，好幾支中超球隊立即展開了對梅西的追逐。消息稱，追逐梅西的這幾支球隊還並非廣州、山東、北京等強隊，而是幾支中下游球隊，他們簽約梅西有自己的算盤：那就是簽下梅西后，工資照常先欠着，踢個半年後梅西和其他隊員處成了兄弟，一看其他兄弟比自己欠薪週期還長，作爲隊內首富兼足壇首富，梅西過意不去，就會自掏腰包給兄弟們發了工資，這樣俱樂部欠薪問題就得到了解決,0,1
爲什麼狗會在主人死後啃主人的臉，最新研究發現，是因爲現代人每天往臉上抹好幾斤化妝品，臉上存滿各種有毒化學物質，而狗鼻子好用，早已發現這一祕密，但沒法說，於是主人死後，便主動去啃主人的臉，因爲它知道這臉有毒，它希望通過這種服毒的方式與主人一起走。,0,0
好吧!一個纔剛形成的颱風打亂了所有的行程...很好、很好....,0,1
這周的假期又過玩了...很好我還是在亂亂的房間裏...找地方睡覺...,0,1
約九成的兒童搞不懂六一兒童節是幹嘛的，因爲他們發現大人們這一天也都在過節，大學生的哥哥姐姐們都在互祝六一快樂，鄰居叔叔也給阿姨買禮物祝她六一快樂……而這一天他們還得表演節目給大人們看，大部分兒童都覺得六一應該叫大人節纔對。 ​​​,0,0
北京一大媽在小區門口開了一家診所，幫人看病、替人開藥甚至還辦班講養生。但前幾日，該診所因爲不具備相關資質而被有關部門查處。大媽解釋說，去年看了一年的朋友圈，養生知識積攢了一籮筐，於是嗅到商機這些知識可以賺錢，就索性開了家診所。,0,0
千錯萬錯~都是災民的錯~政府已經做得很好囉!,0,1
我也覺得湖南教育廳挺二的 那會組織的省級比賽 居然連獎金都沒有 真是滑天下之大稽 估計都被貪了,0,0
報館做到這個份上關門算了，免得再丟人現眼。 ，【西安晚報：“天價煙”報道記者石俊榮 “停職總結”】,0,0
【長期觀看健身視頻或有助於減肥】英國科學家研究發現，人在觀看健身視頻時，健身影像通過視覺神經傳輸到大腦，然後大腦又傳遞給脂肪，脂肪這時會以爲自己的主人馬上要學習健身了，它們因擔心自己命運而產生巨大恐懼，嚇得萎縮起來，再持續觀看，很多脂肪就會因過度恐懼而自燃，從而起到減肥效果。 ​​​,0,1
[buymore]RestaurantCity今天程式小改版，最重大的更新是，可以花錢買每日特別販售食材了！但這些食材索價不斐，一份動輒八九千元，還真是「特價」啊...可惡的是今天的特售食材還不是我目前最缺的，我需要馬鈴薯雞蛋沙拉葉草莓義大利麪條奇異果啦。X-(,0,0
臺北中山區的房東可以再跩一點沒關係,0,0
濟南VQ果汁吧店員收完錢不洗手22元果汁成本三四元我還喝過呢！！！,0,0
你的朋友都是優點，都是好人，誰TM擠不出幾個優點，你敢說他明顯的缺點麼？你的評價和你的房價一樣，虛高,0,0
還沒過隧道呢枉費我今天難得早上睡不着起這麼早[睡覺][睡覺][睡覺]困了[挖鼻屎],0,0
抱怨什麼？你們家沒有西北風嗎,0,0
地鐵啃鳳爪被拍女子的朋友透露，她常年有精神方面的疾病和問題，而大夫建議她平時多啃鳳爪，通過鳳爪刺激的味道以及啃食過程中艱難地骨肉分離過程，來分散注意力，轉移精神方面問題，以緩解不適。所以她朋友希望網友多一些寬容和理解。 ​​​,0,1
文明古國文化要冒進，滑天下之大稽！，文化大躍進比大練鋼鐵還可怕!,0,0
右邊那個我以爲是坨屎呢我還說呢你這是親爹嗎,0,0
爲什麼明天要開會今天下午纔給你通知，公園院還真有你的！,0,1
錢荒到底是誰荒呀？銀行還是政府還是廣大羣衆？,0,0
不做虧心事，不怕鬼敲門。虧心事做多了吧虧你還清華的呢,0,0
今天總騎乘時間4小時08分86公里平均時速20.7公里很好我累了--*,0,1
在法國教育委員會的要求下，法國公映的《瘋狂動物城》已全部刪除和樹懶有關的片段。因爲教育委員會擔心未成年人在觀看後，把影片中樹懶的行動遲緩和呆頭呆腦當做流行文化，大規模模仿，導致學習效率低下，毀掉一代人，所以決定刪掉樹懶片段。,0,0
孟非很想和郭德鋼合作上一檔節目郭德鋼不肯後來鬱悶的孟非把這檔節目的名字定爲“非常缺德”,0,0
回覆 一個披薩切八塊兒不夠喫，所以切了16塊兒。[哈哈]，你敢切得再小點兒嗎,0,0
先把舊的編碼接成新的編碼然後再把新的編碼接上實驗室的編碼然後再把編碼接上名錄如此四個輪迴可以再囉唆一點沒有關係,0,0
我恨你，昨天沒祝我生日快樂！虧我還是蒸聽友,0,0
近年來歐美一些國家的旅行社爲滿足當地民衆的獵奇心理，爭相推出了赴中國觀賞霧霾的“中國霧霾遊”。這些旅行社時刻關注中國各地天氣，哪裏有霧霾立即組織遊客搭飛機前往旅遊觀霾。甚至一些旅行社還打出了“這輩子沒趕上倫敦的霧，那就不要再錯過中國的霾”的廣告語,0,0
很好!!!....右邊的耳環不見了...,0,1
垃圾分類實施後，溼垃圾桶將變成野貓的貓糧碗，野貓將因可輕鬆獲得食物而不斷繁殖，不久貓就會成爲地球數量最多的智慧生物。而家貓更是在近些年將多數人類徹底馴化，貓的整體勢力壯大後，家貓野貓裏應外合，入侵每家每戶，將所有人當成奴隸，晉升爲地球新主人。,0,0
很好~論文沒寫完，我已經會玩噗了!:'-(,0,1
衆所周知，沒人敢招惹迪士尼，而一旦有人主動去招惹，或許就是遇到了什麼困難，模仿荒島求生，釋放求救信號。因此是否可能存在這種情形：設計者正深陷傳銷組織，沒法與外界聯絡，於是用參賽贏獎金幫組織賺錢的藉口騙過頭目，然後企圖通過侵權引起迪士尼注意，讓迪士尼法務順着網線找到他們窩點，最後獲得解救。,0,0
"老闆說17號一定要,下面的說他沒空~很好,那就老孃自己做",0,0
"昨天去看中醫,晚上九點出發12點纔到家!可以再等久一點哪@_@而且走出診所之前才發現其實用拿藥的就可以了",0,0
丈夫在家對妻子偶爾使用暴力，可以讓妻子有離婚的念頭但又沒有離婚的行動，會讓她因潛意識裏有二次擇偶危機感而保有上進心，保持好身材和魅力值。同時男方也會因爲動用武力而感受到自己的權威和自信，在外面事業更容易成功，爲家庭賺取更多金錢。 ​​​,0,1
這站看似火車站吧還不是比滴新廣州人搞爛[挖鼻屎][挖鼻屎]:看來要出一個地鐵保險團購纔行……,0,0
近來常有人感慨，冰雪奇緣上映都6年了，武林外傳播了都13年了，感覺時光飛逝，感嘆飛速老去。對此專家支招，爲防感覺時間加速，從2020開始最好拒看任何影視劇，越火的劇越要做到堅決抵制，這樣幾年後人們談論起來2020年的劇而感嘆時光飛逝時，你會因爲對這些劇完全沒印象而感受不到，也就因此擁有了比別人更年輕的心態。,0,1
評論指出，冬至中國喫餃子，感恩節美國喫火雞。但美國人過節時要特赦一個火雞，特赦後接着喫其他火雞，其虛僞本質可見一斑。而中國人過冬至時，從來沒有假惺惺特赦過一個餃子，一直堅持喫就完事了。所以從過節就可以看出美國人的虛僞，和中國人的真誠不做作。 ​​​,0,0
【扯蛋】看到這圖，你們想到了誰？我會告訴你們是人民某報嗎？,0,0
"很好,第八張!!!!!X-察先生,你是不是愛上我了?",0,1
原來是pucci的我還以爲是上海製衣二廠生產的呢衣服真得分人穿啊,0,1
星期一真是充實阿:'-blue的時間都沒有,0,1
很好，現在才收到簡訊，但我今天沒空,0,1
有人喫過鮪魚罐頭裏面的魚鱗嗎??很好...我可能是史上第一位,0,1
回來後我發現廣電被外國人佔領了……不獨泥轟金和噢八……[害羞]難怪溝裏荒無人煙哪[哈哈],0,0
勒是哪個？？給我啷個一個檯曆，太看得起我了，我完全hold不住喲，啷個大兩條銀龍，太吉祥了啥，而且還給我配了每天的孫子兵法，看來我要出人頭地了,0,1
研究發現，我們對財神的期待，本質上是對一個專屬atm奴的期待，但因爲atm奴這名字不好聽，然後我們又給他起名叫財神。,0,0
嗯哼...很好。我體驗了220V的電擊!!:-&喔買嘎！～整個彈跳了起來！:-))空白一片,0,1
有專家解讀現在年輕人爲何總喜歡熬夜，因爲他們生活太幸福，現實生活中擁有的東西讓他們太滿足，當現實比做夢還美好時，人們到了晚上就會不捨得入睡，通常就喜歡熬夜。相反世界其他一些落後的地方，人們都希望夜晚趕快來臨早早入睡，就是因爲夢中比現實更幸福。,0,1
很好。因爲剛剛太...我現在超餓的、要喫頓好喫的來安慰自己。,0,1
很好...開始下雨了!這是表示明天計劃取消了是嗎!?,0,1
很好....我的牙齦縫合傷口發炎了...原來用手摸才知道線頭這麼前面根本每天刷牙都會被我扯到==每天晚上都很痛消炎藥喫完了都沒有好一點現在是要怎麼辦....嗚嗚好痛,0,0
【未來姓王姓張的年輕人更容易找到對象】專家分析，因夫妻爭奪孩子冠姓權越來越激烈，未來人們會意識到，找一個與自己同姓的伴侶，就不會有這種矛盾，婚後生活也就更和諧。而因爲姓李、王、張的人更多，所以這些人也更容易找到對象。“但無論你姓啥，未來都是屬於'同姓戀'的”，該專家總結道。 ​​​,0,1
看到有人被騙，我提醒他，他說我多事；繼續被騙，我再提醒他，他說你以爲你是誰？於是，第三次，我閉嘴了。,0,0
名字裏帶“冰”、“寒”、“冬”等字的人，因讓人感覺涼快想靠近，在夏天相親時比北京戶口都更喫香，而且就算不相親，夏天也會有不錯的桃花運。而相反，名字裏帶“陽”、“暖”、“夏”等字的人，因聽名字都覺熱，則易招人嫌棄，被同學朋友疏遠。 ​​​,0,1
學習看來你最近是真有些閒啊都開始研究二會了演講方式方法學習[挖鼻屎],0,1
有傳播學教授指出，現在幫偶像洗白，如果表明是真粉，會被圍觀羣衆無視甚至嘲笑，而如果假裝路人，也會被揭穿，所以現在最好的辦法就是僞裝成黑粉，然後發言，這樣可以起到引發圍觀羣衆理性思考的作用。例句如“雖然我祖上八十代都討厭秦始皇，身邊也沒有皇友，但最近這事秦始皇確實挺冤的……”,0,0
報告忙的要死，你你你...還打電話來鬧!你你你，三更半夜不回家X-們，很好很好!!!去你的***###@@@,0,0
很好...兒子滾了一個晚上..我就醬睜著眼看日出!!,0,1
因雙方都比較瞭解，知道對方脾氣急又愛面子，擔心因搶買單引發衝突，昨晚遼寧倆男子從飯後十點一直坐到半夜兩點不付錢。其間老闆曾建議AA制，結果被認爲瞧不起人，差點被倆人合夥打。最後，老闆看賬單是27塊錢，就沒收錢讓他們走了。 ​​​,0,0
很好~莊家連一拉一~今天還是不順中,0,0
"爆料稱，楊永信近日派人購置了近千部Note7。據猜測，10月份學員們入校將不再接受電擊，而是人手一部Note7，必須24小時貼身攜帶，且保證60%以上電量。如果有人被加圈就加一部Note7,上不封頂。同時，學員離校後還必須在家長監督下連續攜帶Note7三個月作爲鞏固治療。 ​​​",0,0
政府會說啥呢，地址災害年年都會有的，不是嗎？,0,0
近日有專家指出，當氣溫超過35度，感覺熱到不行時，應立即向暗戀已久的人表白。專家稱，倒不是高溫天氣表白成功率高，而是一旦對方接受了，你就賺了；而如果對方拒絕了，那你就可以感受下愛情世界的冰冷，從心靈到身體，從裏到外地給自己降降溫，解解暑。所以不管表白成功與否，都是你賺了,0,1
週末前的忙碌，電話跟插播可以再多一點沒關係,0,0
很好灰長滴好偶又回鍋中獎了.....,0,1
現在的人都是怎麼了救人反被說炫富不救又說人冷漠只要真的可以幫助到別人救他人生命的炫就炫咯有什麼好小題大作的,0,0
， 會前報有很大的希望，聽完報告心裏叭涼叭涼的，看吧，看什麼時候太陽從西邊出來！！！,0,1
9;01的卡~~~~很好!!!,0,1
再次挑戰全民智商1分30秒時世界都安靜了豬都上樹了（更多熱門視頻請關注,0,1
求對面樓女鄰居人生不要太完美。好幾次半夜哭鬧，搞的我人生也完美了。,0,1
你敢喫這種冰激凌嗎？？？？？我是不敢的。 違規但是合格？？？,0,0
現在很多年輕人不喜歡加班，聲稱下班要立即享受生活，但專家指出，如果你是單身，下班後一人回家比狗都可憐，哪有在辦公室和一幫同事加班充實；而如果你有對象，那下班後約會喫飯還要花錢，哪有在辦公室加班多賺點錢有安全感；另外，說不定深夜和同事在辦公室加班還有意外收穫，所以綜合考慮，喜歡加班纔是真正懂得生活和享受生活。,0,1
今天吉尼斯紀錄工作人員來到北京，爲香山頒發了多個世界紀錄。其中有“爲看幾個樹葉最多人排隊等公交世界紀錄”、“地球最多人同時拍同一片樹葉世界紀錄”和“觀賞過最多人類的紅葉樹世界紀錄”等記錄大獎。另因擠不上香山，吉尼斯人員只好在西五環舉行了頒獎儀式。 ​​​,0,1
我原本以爲，今天可以早點睡覺，明天跟angle喫飯；半路殺出陳咬金，丟了案子，而且還是急件...今天丟明天要。很好，我明天要頂著黑眼圈然已經有了)去喫飯唱歌了,0,1
主要是這個姿勢要把書看完不會得頸椎病麼，右邊。。。 看大圖，倆人看的居然是《笑傲江！胡！》。太有政治意識了！,0,1
跟林黛玉似的要不你來你再說一遍來段士力架吧~~嗯~~~~~~~~~~~~~~來勁了……,0,1
每次早餐都是如此的倉促。。。紅燈，你敢不敢再亮久點。。。[閉嘴][閉嘴][閉嘴],0,0
我社實地調查發現，經過幾天的罷工反省，青島出租車已陸續復工，而且復工後的出租車司機服務態度大爲改善，不但態度異常和藹，甚至還會在乘客下車時免費送上一瓶甘甜可口的嶗山白花蛇草水。 ,0,1
真是太好了...我現在連banner都要做了:-&,0,1
很好…現在連開機都開不了了…最近真的很不順，還得籌錢買電腦，真慘～:'-(,0,0
"可以再熱一點啊,,,再熱一點啊X-(",0,0
有公知痛心地指出，社會培養一個公知很不容易，一個公知的養成要耗費很多的成本和時間，公知是社會非常寶貴的資源，如果對於公知犯點性侵錯誤都無法以包容心態對待，那用不了多長時間人們就會發現，國內九成不止的公知都沒了，那將對我們國家造成非常大的影響。 ,0,0
很好腳痛完了現在變胃痛痛死好了,0,1
膽子再大一點，步子再大一點，馬上就可以奧斯卡走紅毯了。,0,1
隨着科技進步，現在電腦和手機通過收集學生的上網習慣、一天玩手機時間佔比、各類與學習無關的app打開率等數據，然後上傳到考研系統，系統即可通過分析準確預測出考研結果。今天四川一名考生報名時，系統根據她平日的表現，明確給出了“別考”的建議。 ,0,0
g打成h可以再天才一點呀保險業務員X-(,0,0
那你給我綁阿....你敢波??? 這有什麼的喲， 我要有這樣的女朋友！賣血都行！,0,1
原來還有這麼多人和自己一樣，也有錢出來玩，而且大部分喫的住的都比自己還好，原來不只是自己賺錢了，於是制定計劃節後回去還得繼續奮鬥,0,1
現在年輕人喜歡懷疑事物的真假很好，但我社也要提醒大家，可能寒假、週末也是假的，你宅在家過寒假週末的時候，別人可能都在正常上班上學，而你逛街看到的人可能也都是配合你演出的騙子，讓你以爲寒假週末是真的。這樣也就可以解釋爲什麼別人總比你有錢，成績又比你好,0,0
今天可以再忙一點....:'-(,0,0
"正是""風和""的午候啊~~~又不是在省道或沿海公路飆車，風也太大了吧，風飛沙差點把我弄瞎",0,0
哈哈，太有才了，還能再低點麼#芒果網酒店狂歡節#,0,1
天丫~我第一次聽到普渡要自己帶東西來拜耶~算你狠~可以再本土一點丫~~~,0,0
真的很受不了！！到底是誰總是把馬桶弄得髒兮兮？乾淨的馬桶座墊妳不想碰到...卻要我們其他人用滿是尿漬的？可以再沒有品一點...,0,0
PETSOCIETY可以再機車一點...,0,0
很好...我媽騎車撞我的車...:-(,0,1
某高校教授指出，西遊記能流傳數百年的原因其實很好分析，就是因爲劇情中的模式難度太簡單，一共只需要九九八十一難就可達成目的，而現實中成年人平均一週都不止經歷八十一難，一年下來等於好幾十部西遊記。因此人們喜歡看西遊記，就是喜歡代入享受那種輕鬆的感覺。,0,1
很好~~已經有超過3個人直接跟我說我變胖ㄌ....表示我真ㄉ該注意了:'-(,0,1
親愛的騎車大嬸，可不可以麻煩你不要在路中間慢慢騎，要左轉也不打方向燈，在後面的我可沒有第六感能夠預知妳要左轉,0,0
人離世後，那些支付寶、微信、遊戲賬號等涉及資產問題的網絡賬號可以先放下不管，當務之急是應首先公開死者的微博賬號，因爲這樣對死者或許非常有幫助，這樣很可能幫他再次醒過來。,0,0
張老師有才 [哈哈] 穿小B，開MiNi，有乾爹罩着，有乾姐的道德檔，你敢說我，我73你！,0,1
因爲總有一些學生不認真學習，夢想着有朝一日成爲明星，於是明星勸退業務應運而生。某地一家明星教育機構，專門招收這種學員，讓他們按明星的標準練習唱跳和演技，結果學員們普遍反應這並不難。該機構甚至還會定期邀請一線明星與學員們一起練習，試圖讓他們感受下職業和非職業的差距，結果學員們發現職業的確實遠不如非職業，於是想當明星的願望更強烈了，該業務最後以失敗告終。,0,0
"哈~很好!!沒東西可以喫~來去喫仙草好了!!待會認真去~"")",0,1
今天一早就遇到莫名其妙的早餐店先生，做生意還恍神喔!~真有你的阿!是嫌我久沒去光顧喔~你可以再給我放空一點，還給我一雙斷掉的筷子，真是...,0,0
X-可以再寵女兒一點！我不知道還伺候小三生整理書包起牀穿衣會有甚麼後遺症，不過，我想可以不用期待這個小孩往後會有甚麼成就了！這跟http://tw.news.yahoo.com/article/url/d/a/090911/17/1qvmy.html學宿舍沒裝空調新生家長當衆哭訴)的家長有甚麼兩樣？！,0,0
msnformac真是要氣死我了！microsoft你可以再心機一點啊!!,0,0
"很好..左手舉起時,有點痛!:-&",0,1
一時間，彈冠相慶，四海昇平。轉眼間，千里之堤潰於蟻穴。 誰說人民日報從不說真話？,0,0
很好!!爲什麼我的便當裏面有苦瓜:-&,0,1
大姨媽 你敢不敢不要 這麼腰痠背痛 外加怕冷 和肚子疼~~姐姐湯不牢你~~[淚流滿面],0,0
啊一下想起你家那隻了快呼籲你爹再養一隻給我玩！,1,1
你要保守你心，勝過保守一切〔或作你要切切保守你心〕因為一生的果效，是由心發出。 (箴 4:23),1,1
今晚去買baby衣服那人說需要鈣片或魚肝油嗎你現在這時段是需要補充營養的懷四個月了吧我頓時間真是想把我的靴子脫下來招呼她兩下我說別開玩笑了我穿多衣服而已走出來後我從上到下掃量了一番我和自己說穿多了穿多了沒胖沒胖…,1,0
錄音棚體驗一把當歌手的感覺原來聲音也可以像照片一樣ps的啊哈哈哈??????,1,1
幾天以來購物車爆炸了無數次……購物車你敢不敢做得容量大一點！！,1,0
我要去讀地理了我這次真的是用靈魂在愛它heartandsoul接下來三天各位神麻煩罩我一下真的這次不敢出亂子了我會打心底裏感謝你們的紅色的喜慶一點!!!!!,1,1
更正下是臺東順時鐘從花蓮往南再往西到枋寮下火車換大巴或出租到恆春或墾丁,1,0
微笑天使薩摩都這麼兇殘我整個人都不好了,1,0
你要是嫌你們家網速慢你可以調啊！誰攔着你了？5分鐘搞定.,1,1
被問了無數遍的問題再回答一次：2000塊以內最NB的國產手機只有這一款,1,1
#今日小寒你那裏冷嗎#我們廈門不冷還可以穿短褲裸奔呢[偷笑]你們呢羨慕嫉妒恨吧喜歡廈門就感覺來哦。。。。。,1,1
【易讓人望文生義的詞彙】看看圖中的這些詞，你能理解他的真正含義麼？不要不懂裝懂哦！,1,0
2012-04-12 東港城《拳王》之王者齊開操 更多相片請到論壇查看.,1,1
好糾結哦到底是要自私點呢還是要大度點呢╮(╯▽╰)╭,1,0
某工廠一個員工寫的暴強悍的辭職書，神馬理由都弱爆了,1,0
禮物收到沒啦！！是不是很實用呢？[偷笑][思考][思考]不許打我哦 快出現！！@Xiao小鬼-甜,1,0
當初被寵上天后來被甩的人最可悲再遇見誰都改不了壞脾氣[浮雲][浮雲][浮雲]說的好,1,0
老闆來一個鹹豬手笑死我爸說今晚去酒吧剛剛看到有個酒吧叫偶爾bar~好像不錯,1,1
我最愛的球隊!亞平寧今日不寧!看了你二十多年，你總讓喜歡你的人憂鬱!我受不鳥了![淚][淚][淚],1,0
似乎都試過 。。我以前還老喜歡鑽到在椅子上曬着的棉被底下睡覺 。[哈哈],1,1
怎麼都是些喫貨啊[哈哈]，穆總這瓜還麼籽。[嘻嘻]， 渴了喝水[嘻嘻]，我渴了，[委屈]， 這西瓜你敢喫嗎,1,0
如果大學老師是他們，我願意再上一次坑爹的大學,1,0
編輯越來越有才了@傳媒老王@我是西蒙周:沒見過,1,1
國寶年夜飯，看着一年的辛酸苦辣甜，一幕幕畫面腦海裏閃過。辛勞一年，我以燃燒的方式活着，沒有愧對自己！兩場瘋狂21支紅酒一頓飯兩首汪峯的歌，姐就這樣總結了2011年！給一個人電話，無法接通，我給我自定的垃圾桶喋喋不休。就這樣吧，我知道我努力過！活着其實很好，再喫一顆蘋果！sowhat！,1,1
既然是祕密就不要告訴我！知道了令人更失望！[兔子][兔子][兔子]固執的小白兔,1,0
哇噻，一個晚上和時間奮鬥，今天晚上領獎，眼睛一定腫旳像南瓜精！,1,1
，，後面站著的那位李敏親你敢不敢也壓上去？！！！（瞬間倒塌神馬的[笑哈哈],1,1
學電腦的就這水平- -~ 魂淡~ 我可恥的笑了~ 看起來好厲害的樣子~[偷笑][偷笑],1,1
:來看看~:一分鐘治癒牙痛~趕緊收藏~以備不時之需~,1,1
回不去了什麼鳥車壞到路上了幸虧還沒喫深圳我真是夠倒黴的了真tm坑爹,1,0
看完我決定不換機身了再添個像樣的鏡頭吧及時的提醒不需要爲佳能5DMarkIII糾結了,1,0
煽情咩？這個要偷偷看 下半部的視頻也看了，感覺溼答答的……你一煽情我就受不了[淚]@Nana娜貴人多忘事,1,0
死都不在乎了還有什麼不能承受的呢唉。。。一聲嘆息,1,0
回覆您本來就是我的粉絲我是朱建之您還送我戒菸禮物呢好方法我願意做你的粉絲,1,1
再換一個也許還不如找個了，呵呵，就乎着過吧,1,0
突然邪惡了想到笨蛋拿錯了妹妹的會怎樣xd， 哈哈哈哈哈哈哈哈真有你的小6[哈哈],1,1
《再一次實現》聽這一首歌點點滴滴的回憶就像是倒轉的電影在眼前不停的流逝和淡出,1,1
電影《愛在那一天》親們也來聊聊你們愛的那一天的故事吧[心],1,1
窗外白雪厚積天邊一輪金月誰的思念滴落這是夜還是夢醒來晴天一白奇幻奇夢奇景冬春冷暖誰遲[酷],1,1
這大概是史上最年幼窮遊er了吧[偷笑]帶寶寶出行向來不易各位粑粑麻麻們有什麼好的經驗可以分享嗎,1,0
我們真幸運啊～[bed凌亂][喫驚][淚]來了有點着急,1,1
哈哈socute側面那個眼影盒？真的假的？,1,1
最後一段，既然改變不了世界，那就改變自己去融入這個世界 了不起的湯唯！， 勵志故事，什麼時候都不要放棄！,1,1
早上起來忙碌了1個半小時終於家裏的東西收拾好呢yeah小開心一樣,1,1
#創意家居#【彩虹紙巾】今天是什麼顏色的心情就抽相應顏色的紙巾吧。,1,1
【猜電影】看過這部電影的，年齡都不小啦~~當年的國產片，在當年那個時代，真的也是非常經典的！！,1,1
又是昏昏沉沉的一天，好難受。菲比你敢不敢不要學我~~~~~[淚],1,0
把菜熱一下準備米西再來半瓶小烏牛[嘻嘻][嘻嘻][嘻嘻][嘻嘻],1,1
我就夠老的了，你比我還顯老，喫點虧我收你當師傅吧哈哈,1,0
早教認識的美女媽媽告訴我昨天他們年會high了，幾個小女人跳豔舞，老外鹹豬手開始喫豆腐，high到12點，小姑娘豁得出，男人們也不沾白不佔便宜，想想我們的股東們在我們面前還真是害羞啊，連個擁抱都臉紅，這年頭，還是女的比男的豁得出。,1,0
三八節裏的好孩子不要光記得給老婆買花還有老媽呢[心][心],1,1
你這“羨慕嫉妒恨”是喫小外甥的乾醋呢還是“嫉妒恨”我搶在你前面買單了呢你的言語很含糊讓我很費解啊[疑問],1,0
一切惡法，本是虛妄的，不要太自卑自己。一切善法，也是虛妄的，也不要太狂妄自己。,1,0
一直在網吧等elva的康熙來了和sunny的那期不是說好的10出來嗎？還要好久訥？哎。。。。煩死了,1,0
原圖啊[抓狂] [抓狂][抓狂]，[抓狂] OMOMO[抓狂][抓狂][抓狂],1,0
哈哈，緊張了 可愛屎了== 紙容真有你的>O< 哈哈哈哈哈哈，我要笑死了,1,1
一邊一個！然後一邊長了！又再去打了一次！真的讓我受了不少罪,1,0
飛回來才2個小時就到了害我打賭輸了條軟中華泥馬[淚],1,0
[酷][酷][酷][酷][酷][酷]破萬了再轉下這次愛慕爲徹底霸氣了[c得意笑][c得意笑],1,1
那是甚麼POSE= = 鄭老闆真有你的 還有!!! 你就只有這句嗎[汗] [給力]妳是我的命運~destino,1,1
再次肯定網易安卓應用版得編輯是個gay他們搞的社交類應用軟件的推薦列表top20裏面竟然有3個gay交友軟件,1,0
下班回來已經快五點實在太困了決定趴到電腦面前睡一覺開着暖氣腳下踩着電熱套手裏拿着電暖寶這幾天太累了新年就要到了暖暖的過個節吧大家：happynewyear,1,1
再轉再轉應該系女人都喜歡他我老公帥慘啦~~帥慘了[愛你],1,1
春款實用搭配有你的菜嗎~店鋪>>>（最新淘寶潮流資訊@淘寶潮流搭配）,1,1
請問一下ladygaga的新專輯bornthisway是被禁了還是怎樣？怎麼sogo都試聽不到也下不到如果直接搜索bornthisway直接顯示沒有這首歌怎樣才能聽到怎樣才能聽到？？？？,1,0
我一般是這樣：同一情報，老媽賣一次，老爸再賣一次。,1,1
-________-''好糾結還想去電影院看呢[花心],1,0
傻孩子還有好多路等着你走呢你就這樣走了嗎[淚][淚][淚],1,0
有的時候我再提醒自己要早點兒躲開也還會中計2011已經用了刪除法2012可以分類用裝傻法、透視法、低頭法,1,0
我養貓，可大爺我直得很，男人得很！小時候家裏爺爺和大伯打獵，養狗，所以從小就喜歡動物，現在工作租房後門有老鼠，所以決定養個貓，爲什麼現在的人就一致認爲養貓的人就是gay呢？還喜歡其他動物，但也包括貓，這樣就成gay了？什麼道理？難道男人就要養大象獅子老虎才般配？憑什麼一棍打沉一船人？,1,0
在羣裏看到一種佔座方式，突然覺得咱們弱爆了。。。[喫驚] 「轉」,1,0
告訴自己再多撐一天、一個星期、一個月再多撐一年吧你會發現拒絕退場的結果令人驚訝----力克胡哲《人生不設限》,1,1
【廣州塔跳樓機----世界最高跳樓機】廣州“小蠻腰”上的跳樓機,1,1
昏昏欲睡的午後來個能讓人提神的新聞[困]120316無線娛樂新聞臺五月天北京鳥巢演唱會發佈會,1,1
#薄熙來不再兼任重慶市委書記#因爲我還沒有戀愛過不管是誰都有可能是我喜歡的人,1,0
李先生，聽說您及您的律師所是有背景的，是嗎？,1,0
麥當勞在美國不是最歡迎的快餐，因爲麥當勞在賣出去的時候已經咋過2次了，第一次是在工廠做的時候咋一次，第二次是客人在買東西的時候再咋一次，相對健康的是in-n-out它和麥當勞賣的東西差不多，但都是新鮮的，只咋一次。,1,0
對自己的女人要寵只要我喜歡的還有什麼不能忍受的呢[鼓掌][鼓掌][鼓掌][鼓掌][鼓掌],1,1
幸好愛情不是一切幸好一切都不是愛情再美好也經不住遺忘再悲傷也抵不過時間...,1,1
噗我真的笑了 = =+毫不違和... 我現在知道剛纔說的紅是什麼意思了。。老海真有你的[哇哈哈],1,1
最近喜歡上捏黏土~哈哈..這是我自己捏的青蛙王子~??..他是隻等著公主親吻的王子~,1,1
:#屋塔房王世子# [哈哈]XDDDD其實我有時候也下意識覺得有些東西是觸屏,1,1
真·重生再來一則瑞典男子昏迷後醒來失去所有記憶只會說英語,1,0
資料備查薄一波於2007年1月15日逝世薄熙來於2007年12月去重慶當一把手,1,0
一定是打開的方式不對[淚]樸正洙你敢打鼓試試!!!!!!! dear...[淚][淚][淚],1,1
莫要五十步笑百步，全世界需要的是團結。每天清晨，中國都在訴說，你們聽見了嗎？[淚]，句句戳心窩！,1,1
中意左一首歌噶話，會按單曲循環，聽距個十幾二十次，直到穩到下一首中意噶歌爲止......宜家迷上hellkaren首如果沒有你hey我真的好想你現在窗外面又開始下着雨不知道你現在到底在哪裏,1,0
【爆笑！】老婆，你先困，我守着你，老婆你先睡~~我守着你~有我在呢~~睡吧睡吧~~,1,1
突然想到還是淇寶的家鄉臺呢...早早解決好手頭的工作回家看電視去,1,1
今天的半島酒店13樓的艾利爵士餐廳巧遇張怡筠博士上次見還是在白領黑蘋果項目的啓動儀式上呢,1,1
你看着吧如果你再冷落我再只是叫我做這做那以後大小事都不要找我我也不會跟你講話That'sall,1,0
既不回頭，何必不忘；既然無緣，何需誓言。今日種種，似水無痕，明夕何夕，君已陌路。——《趙靈兒仙劍奇俠傳》,1,0
切蛋糕專用有了這個再也不怕蛋糕撒了切出來的形狀還格外漂亮,1,1
終於有真相了我以前一直認爲只有我可以看得到還以爲自己有超能力呢原來不是[衰],1,0
我就你們幾個兄弟以後少抽點菸少喝點酒我還想和你們多玩幾年呢別他媽死我前邊了【轉給兄弟,1,0
把結局搬到熒屏上來了，真有你的 瘋子！深深地祝福你們......,1,1
隨手翻閱某彩印旅行指南，剛到128頁，緊接着就是161頁了，——麗佳製版印刷公司廠檢疏忽了，其他環節呢？,1,0
這是我們航中的大黃貓噻我還餵它喫過熱狗呢它暴乖~~大家多多關心下它吧！！！！[悲傷][悲傷],1,1
看到這條微博的時候，你在做什麼呢？等車？等位喫飯？無聊中？,1,0
去一個沒人認識咱們的地方，做一對理直氣壯的狗男女。,1,0
還有兩年就可以拿到香港永久身份證了，每次想到就感覺爽爆了！jump!jump!jump!不過悲劇的是老媽讓我念完二本以上的大學才能過去，不然就留級2年過去從新再念一道高中，原因是語言障礙…我也覺得我和我媽交流的代溝越來越大了…過去了後還得進修兩年英語，我超雞巴討厭英語！,1,1
#全新一代甲殼蟲#創意廣告：重生寓意不凡未來感十足~視頻地址：,1,1
拿起時間越久放下時間越久執迷不悔是自己的內心當你一天不再想不再為他寫下甚麼才真正放開自己,1,1
飲茶宜用陶器，陶比瓷更溫軟，更有時光流痕，更有禪機。 沒事幹麼[哈哈] 火車上也自帶茶具[喫驚],1,1
聽了一天的課全然忘了今天是週六成人學習是多麼的如飢似渴[偷笑]再次從早到晚坐在課堂上琢磨着下次機會何時再來,1,1
可以移動的廚房關起來就是個櫃子呢~還有無上櫃的簡易版~太有愛了,1,1
還不如呢都啥人啊還要呢還有地方說理嗎心靜的氛圍要@染香,1,0
又看了一遍《那些年，我們一起追的女孩》，傳說中的臺版完整版~依然覺得此片很有feel~其實那些所謂刪除的劇情基本上無礙整個片子的表達啦，不太懂的人反而可能會看了想歪了而毀掉片子的一些基調。不過這些刪減的劇情卻可以使得男豬腳更完整更貼近現實，更能喚起不少人的青春回憶。,1,1
既然發現了問題，一定想好了補救的辦法了，是嗎？,1,1
人生沒有如果過去的不再回來回來的不再完美來去睡覺[月亮],1,1
:什麼是堅持？就是一天，又一天，你告訴自己，再堅持一天。,1,1
親看來你參與的晚了還沒怎麼漲就要結束了這行情也太坑爹了。。。,1,0
回覆剛剛開始……來吧來吧走到底開始啦我還沒到呢起碼二十分鐘,1,0
痛苦的失眠，拜你所賜[抓狂] [好得意]我挖到了一個很不錯的微薄，[心]強烈推薦關注@那些觸動你的歌詞,1,1
龍年多好的寓意這件衣服明顯不適合站着不動肯定有什麼動作韓庚龍年春晚,1,0
！！！！！！！！！我還記得4塊多的時候呢~~~所以這是幾年前啊？。。推薦微羣“汽車總動員”,1,1
今日就係咁英文英文英文英文英文英文。。。。。。[暈][暈][暈][暈][暈],1,0
少年的時候我瘋狂的喜歡＂帶我走＂這三個字我再也不會任性的讓任何人帶我走我學會了自己走——徐志摩,1,1
不容易呀還有我這個乾媽呢~世上最難的職業叫做-——媽媽[心]有同感的請轉發#@辣媽潮爸萌寶寶,1,1
想結婚的、嫁不出去的、挑花眼的都去看看吧。4月28日，國貿三期“繭化蝶”—奢華婚禮秀，熱血的 真有你的~??,1,1
男女出行裝備對比圖。（via滬江部落虎）,1,0
，可以的'七十塊哈懂嗎'領養繼續哦'啊八你敢欺負七十塊揍你,1,0
昨天又是3點睡大家都來唾棄我吧~~今天9點就被喊起來搬家~~下雨頭暈目眩~~,1,0
方舟子，我給你轉。，嗯，轉發即將突破五萬大關了呢，小羅，真有你的[可愛]。想要人民的眼睛雪亮，你得先讓人民看到它……,1,1
喜歡雯婕的朋友們祝你們新年好我與大家都喜歡雯婕再奉獻一張明天再說,1,1
我越來越強大，拜你所賜。[雪][雪][雪] 我在#萬明園小區(西二門)#,1,1
回覆 你敢當街屙尿嗎？[偷笑]，爲啥我不是那個大爺！！！！[笑哈哈],1,0
你能來我就很開心了~只是最後的給力合影少了你這個大美女有點遺憾,1,0
我媽說這些在我上學時候一點沒看出來（開通啦好多明星都關注了親還等什麼呢！！！,1,0
#情人節禮物#專賣情侶款衛衣的一家~正在全場7折！現在下手最划算，情人節求禮物的童鞋速度哈>>>>>寶貝地址：,1,1
今天你去基地了，我們好久沒見面了!珊珊拍攝結束回公司我碰到他們了，非常美，拍攝非常順利!,1,1
；三圍：90-60-89 ；星座：雙子；身高：173CM；血型：B；出生日期：1992年6月5日；趁着年輕加油吧,1,1
回覆謝謝老大有你的鼓勵我會加油滴黑白能量到（不爽變很爽）,1,1
【快來參加轉發抽獎活動吧】參與轉發抽獎就有機會獲得友情提供的安全知識光盤和檯曆哦動動手指快快參與呀[饞嘴],1,1
終於把grey'sanatomyseason8煲完了。。等第10集出來，每次看完都很有幹勁。。該好好計劃了。。,1,1
[可愛]， [可愛] [偷笑]好可愛！[可愛] 回覆 超可愛[心]，哈哈哈 [偷笑] 好口愛哦~~~~,1,1
我還以爲是說某子呢[偷笑][偷笑]repost~:好文章,1,1
企業註冊資本總額手破100億大關 （分享自 @平潭潭人街網）,1,1
卑謙是因爲內心強大再次強調懂得感恩很重要想起了他那篇《從感恩出發從謙卑做起》,1,1
回覆是呀除了學習什麼都不用想其實很幸福哦回覆hiahia~現在想想還很懷念這種摧殘呢,1,1
女生節快樂趕緊過吧再過兩年就得過明天了@Gloria海音,1,1
爲什麼你在2-25日纔在微薄上道歉，而你兒子當天還在威脅羣衆。你千萬不要成爲下一個“李gang”，這樣會留千史罵名。,1,0
央視的盒飯。你看工作人員都給打開了，浪費了也不好，對吧？,1,0
如果伱不能對承諾愛我①輩子僦不要接近我~愛我很難投入~①但投入我便很難走出…如果伱真の要騙我~那伱僦要騙我①輩子~有時候很多事如果有得選擇我寧願自己做①個笨女孩~也不要做①個聰明の女人…iwantyoutobethepersonwhomakesmebelieveintruelove.??∞????hт晚安nicole__xx,1,0
老鄭什麼時候再來福建，福州的那趟沒趕上啊。再來一次唄。,1,1
別再被世事幹擾了跟靈魂道聲＂晚安＂帶着微笑睡去清晨含着笑意醒來學會忘記傷害,1,1
沒錯沒錯就跟我似的除了公仔再也沒有什麼別的可以失去的時候就是開始得到的時候[嘻嘻]非常認同,1,1
我還在大便中…待會兒喫啥早餐呢我知道了我買一塊五的包去飯堂喫,1,0
看來我很專一的12星座腳踏兩條船機率排行好好珍惜排後面的星座啊[抱抱],1,1
現場一定有賣票的老黃牛啊不會吧我還打算去瞧瞧呢[摳鼻屎]@囡小囡nn,1,0
我還喜歡這張老劇照，釵黛合一，不是爲男人YY，而是女女相惜。,1,1
#家庭教師#左邊的帥死右邊的萌死你喜歡帥氣的初代還是萌萌的初代呢by@OP-Robin,1,1
#人生無需PS工作室#少女少女你在煩惱什麼呢請再殺死一隻蛋糕吧人生無外如此了喲,1,0
汽油漲價了買“北京牌”汽車三包了看球把交警忙活壞了還有什麼新鮮見聞呢敬請收看今晚21:10新聞頻道《紅綠燈》,1,0
很多時候很多事情，就沒有辦法說理。說也說不出道理來，卻它就是一個個道理。很矛盾，但有了矛盾纔會有變化。但又如何辨別呢？,1,0
【習近平及夫人離開坦桑尼亞】夫人的裙子很少女啊（巨圖）,1,1
折騰兩天 排隊一天 最後一個窗口就快到我 下班了(T_T) 死的心都有啊,1,0
回覆可愛青春活力的造型現在都有板握了很酷的要再想一想有沒有之前拍過的借來參考一下回復相信你[good],1,1
我說過家中陽臺只養仙人掌而在不丹——腳下、路邊、牆壁、河沿兒都是仙人掌還有那麼多的花苞呢,1,1
不怕寒冬低溫只怕你對我冷淡天氣越冷越能感受手心的暖風再強有我在前面擋雨再大有我幫你撐傘[嘻嘻],1,1
#路況直播#小路讓大路，拐彎讓直行。行車有先後，禮讓秩序佳。[圍觀],1,1
再然後變成每天都是情人節...一個朋友一天過[偷笑]@黎小雯愛學習,1,1
還是鴛鴦鍋呢果然和中國妹子在一起喫的就是火鍋啊轉發微博,1,1
要先露大腿吸引人再下廚房留住人最後舉起小皮鞭管牢人這纔是新時代的新女人,1,0
回覆老大這世界有你真好謝謝你~[太開心][心][心][可愛]老大有你的陪伴是我們最快樂的日子,1,1
回覆哈哈喫飯前恭喜過一次嘛“恭喜再次”就問題大啦～[偷笑]＂再次恭喜＂有點歧義哦[偷笑],1,1
北大男碉堡了 [汗] 還好 已經把目光轉移到美國高校了 [偷笑],1,1
[good]能去第一線，佩服 李老師注意安全，我已到什邡，觀察中。,1,1
回覆嗯是要好好讀書我還要看力宏的演唱會呢[心]回覆好好學習喔乖,1,1
有一天有一個女孩問一個男生，什麼叫abcdefg，那個男孩回答說：aboycandoeverythingforgirl，那個女生會很感動，可是她身邊的朋友會提醒她說hijk，意思是heisjustkidding，女孩卻說就算被騙也沒所謂，因爲她之後會lmnop，意思是lovemustneedourpatience。,1,1
朋友的店今晚過去光顧下偶爾喫一次不爲過吧我還正在減肥呢親。。。[不好意思],1,0
今日新品上市。。。。123烤布蕾。。。九元一份。。。。 我在:#123手工奶茶鋪# #WeicoPlus#,1,1
還沒有印好呢據說月底可以了是哇可以寄我們兩本嗎@肖海生@今天文學:轉發微博,1,1
回覆已經回到蘭州了謝謝您i回覆您什麼時候離京我還排隊採訪你呢優酷的名醫訪談,1,1
跟BC卡一樣，優勢沒贏，再來一盤優勢就更難。,1,0
一款小清新碎花坡跟涼拖，配上長裙，那叫一個美噠，現在做特價22.8，,1,1
再讓你不好好喫早飯不喫早餐的危害~@喫貨愛小喫,1,0
前段時間整理merlinlocation想去的地方不見了，又得再看一遍。forestofdean是肯定要去的，但怎麼plan好啊。貌似hk沒有飛機直飛威爾士？方向白癡自助遊就是暈,1,0
來泰國這麼久真的不知道自己可以在幹些什麼漫無目的生活真的很累,1,0
說起來困難做起來也困難#閃聚#【成都站】Let'sgo一起加入公益創業的大行列吧[來],1,1
越來越覺得人除了青春期就是更年期很顯然大部分80後已經告別青春期了,1,0
親密敵人到底是親密呢還是敵人呢看完這部影片最大感受就是：生意就是生意千萬別牽扯感情進去否則會亂了方寸,1,0
昨晚想到這幾年來我失去了多少東西就來勁兒了在我還沒把自己擺平的時候妃不知道和王說什麼現在move回來了多久沒開窗看見薄霧和晨光按時早餐坐在房間裏學習心平了個靜陽光鋪在妃身上妃在想萌王,1,1
這幾天伺候這小姑奶奶喫飯做作業睡覺，她說啊珊娜姨去哪我就去哪，小傢伙還真是死心塌地啊，所以帶她去同學會，同學都說她是我女兒，，but，今天他弟弟也要來了，天啊！兩隻我可帶不過來啊！,1,1
薄櫻鬼COS妖孽~:雖然邪惡依然大愛~~風間千景以下cos有你喜歡的嗎...-原文地址：,1,1
NB， 回覆 童鞋原創彈作！夠給力吧！，[淚]民族風頓時就變高雅古典了呢！,1,1
天空的女王這個是某個電視劇或者電影的人物麼還是有什麼其他原因呢,1,0
[織]@河北萬象天成:3月27日來“萬象天成”一層共享空間與孟非親密接觸@孟非,1,1
2012關我啥事我還要去喫麻辣燙呢#2012關我啥事#2012關我啥事我還要去補個妝呢#2012關我啥事#,1,0
來來來~大家預測一下明天牌照價格預測最低價哦~我先52000到53000之間[淚流滿面],1,1
有你的香蕉牛奶啦那些年我們一起追過的香蕉牛奶~果斷去屯一箱~~[愛你哦],1,1
#微軟TechEd2012#快開始了，再給大家分享一些會場照片。倒計時開始。,1,1
回覆[哈哈][哈哈]等卷兒大了還不知又出什麼更高級的呢未必看得上會說你：老媽呀你又落伍了,1,0
玩了這麼多年的剪刀、石頭、布今天才發現原來它表示520（我愛你）?喜歡請收聽@全球囧囧,1,1
【啡宅咖啡 自家的咖啡館】美女喫貨 第一時間搶佔喝到了巴西達特拉莊園。求偶遇，讓味蕾衝擊一下！,1,1
我小學沒畢業字還沒認清呢···昶怡你回答呀你倒是回答呀昶怡~~~大家來回答@MR-鵪鶉,1,0
明早-1度；下週三15度；下週日2度。魔都你是要鬧哪樣[j掛了],1,0
曼秀雷敦也在TB開旗艦店啦再也不怕買不到正品啦喜歡的姐妹一定要收藏好啦店鋪地址：,1,1
破故事，爛邏輯，好演員，瞎吹捧。,1,0
真有你的 ，穿脫鞋來錄節目！不過現場夠樂呵！關注你四月份的＜＜梨園闖關我掛帥＞＞看你在鏡頭裏的大臉吧！[哈哈],1,1
我還沒結婚呢湖南有木有搞錯:以後做菜都改清蒸:這也太狠了吧勞資還沒結婚呢[衰]:轉發微博,1,0
辦公室今天煮紫薯還沒好呢味道就漂滿整個屋子了看來夜宵有着落了,1,1
我也剛喝完去找你們的啊我還比你倆喝的多呢咱們喝前剛完事一頓等哥度假回來找你喝點,1,1
[嘻嘻]下載完了，一會看～ 豆瓣上給了9.3的逆天高分，這種有深度的片以後要慎看，內心強大才能看啊~~,1,1
再一次證明高手在民間。（一定要點開大圖仔細看，絕對震驚你）,1,1
真的很好聽，乾淨，純潔，閉着眼睛細細口味陳奕迅獻給女兒的新歌mv《babysong》官方完整版_原畫,1,1
如果沒有能力建立大和平，我們就先從建立小和平開始吧。,1,1
#楊冪劉愷威公開戀情#爲什麼那麼多人都說是劉愷威可惜了我還說楊冪可惜了呢~~,1,0
老大還真有你的呀！壞老大、、你以爲這樣子就讓熊貓們OK了麼？嘿嘿嘿,1,1
產品經理大傻逼，微博會員真垃圾！,1,0
襄樊的美女帥哥們你們好襄樊變化大嗎有什麼好喫的好玩兒的,1,0
不再因爲任性而不肯低頭不再因爲固執而輕言分手你敢天長我就敢地久,1,0
睡醒了一覺醒來睡了四個鍾！！！[月亮][月亮][月亮],1,0
好久沒聽這歌~~~~~老蕭你敢唱得再慘點撕心裂肺點麼，，，，[可憐][心],1,0
還有同學想要看數據統計呢其實除了奶茶21分之外無甚亮點啊我們打的中規中矩快船倒是有些失準吧,1,0
不就來晚了嘛我特麼要喝光這個我不行了我纔來十分鐘[淚][淚]我咩了,1,0
終於能上網了…在香港就買了一個monster…真不爽，尼瑪爸媽一到香港就跑去珠寶店坐了兩個多小時，刷爆了四張卡…曰，差點沒錢給我買耳機=.=…其實這回發現香港還是不錯的，除了地鐵比不上廣州以外，其它方面還是很好的…怪不得一堆外國人在那邊住要再去,1,1
世事如棋，讓一着不爲虧我。心田似海，納百川方見容人。,1,0
[笑哈哈]，[哈哈][哈哈][哈哈][哈哈][哈哈][哈哈][哈哈][哈哈],1,1
從來不擔心什麼前女友和異性朋友因爲我永遠相信最愛我的搶不走[親親],1,1
3天就做出回應，還直接預示到能四年以後？說給觀衆們聽還真不是主要目的。,1,0
還在2月那轉呢冷不丁的3月哩太匆忙都忘記時間了好象也不是因爲匆忙[害羞],1,0
再幫倫總轉一記~倫總出手品質的保證~[可愛][可愛],1,1
【失色的美人 黑白花卉高階技巧】你敢拍黑白花卉麼？就算沒有絢麗的顏色，花朵一樣精彩綻放。,1,1
香港亞視繼續更進詢問王立軍問薄熙來將如何反思薄熙來稱自己會總結經驗但鑑於現在調查沒有結束無法談這個事件太多,1,0
改變中國，改變生活。就是最大的的盈利，不是嗎？,1,1
再次弄來15瓶特價的童鞋們抓緊啊拍了備註叫元寶給改個450的價格啊,1,0
南京每一條“老地名”都包含一個的動人故事或民俗史實，都是當年歷史文化的縮影和寫照，使人們產生豐富的聯想，勾起對南京那段滄海桑田的追思。觀音裏、歸雲堂、國子監、貢院、金鑾巷、午朝門、長生祠、鳳凰臺。。這些歷經風雨滄桑的“老地名”你們都去過嗎？你走過神馬路嗎？via～人人小站薛妍,1,0
春季穿衣搭配，襯衫美裙不可少，混搭一起更是撞出時尚火花，甜美可愛更有淑女味道。,1,1
還有噴霧效果呢真給力同時感謝千子晨對顧客們的細心照顧,1,1
來個永世難忘的體溫兩個都不怕凍了[害羞]同埋你已經找到個愛人來保保溫嘛??......?再凍我也不怕,1,1
才知道必勝客取消了自助沙拉，hold不住了?只在中國嗎?那些絕技從此失傳。。。,1,0
今天真的是累渣渣了qaq......以後我再也不要化妝攝影一起上了！今天面對着1米8的boss我這166的立刻蹲角落去了.....化完妝幫boss拍的時候發現自己完全不夠高qaq爬椅子趴桌子踩欄杆各種危險......但是好歡脫就對了......雖然累渣渣了，但還是玩得各種瘋狂各種爽的！廣工，我下個月又來光臨了w去碎覺了嗷,1,0
劉少奇也是被祕密關押至死估計沒有人願意重蹈覆轍吧現在反對還有效要是通過了再反對可就無效了/好文章,1,1
[哈哈]每次上微博以爲會有人轉發評論我發的以爲很有意思的段子，結果都木有,1,0
再也不用小米加步槍了這是啥麼槍啊跟炮似的[哈哈]@程鶴麟,1,1
有你的愛車的標誌嗎最全的汽車標誌~~這個必須知道滴,1,1
我要試試那是不是該買豆漿機呢還是就豆奶粉呢總之我要瘦、要瘦魔法減肥方法[花心],1,1
終於睇了最近熱爆的《那些年》。不知是我先看了原着小說還是看的大陸閹割版，我覺得一般吧。最感動我的位就是女主角在taxicoffee裏看到窗外的一對情侶吵架時的鋪排。我總覺得當時她一定在想如果格鬥那晚她追上去挽一挽男主角的手，也許他們也會像街上的情侶那樣和好如初！那些事/一轉念/就已成/那些年,1,1
我也以爲是這串人死了呢剛想感嘆這兇手太牛了往下一看汗流浹背啊還以爲後面那串長長的人名是死者名單呢,1,0
女人第六感常準確驚人，但思考卻反會把她們帶入歧途.@一句話微情書,1,1
爲大叔再轉一次。真的覺得有悲壯的感覺T_T,1,0
有你們的祝福就是我的原動力謝謝你們最失意的時候陪我哭和我笑你們對我真的比生命比尊嚴更重要,1,1
晨聽風雨暮睹炊煙松竹消瘦新月如鉤有春意而不濃豔無喧囂但有人情如再添新茶舊酒傾蓋朋友夫復何求,1,1
!!![花心]NO1韓國男星相貌top25有你的菜嗎,1,1
??睡前再轉發一條，數數數數數米老鼠！????,1,0
還有很多免費的機會與自己心儀的港星來個近距離接觸呢···真是巨划算呢,1,1
今天打牌輸了只有來點這種小地方喝酒了[淚]我在這裏:#達州市區#,1,1
咳，防不勝防啊！，記住下面的客服電話，忘了打114 持卡一族必備常識，望大家廣而告之！[話筒],1,0
通過自己的努力和堅持，是可以做到讓別人刮目相看的！早上好~[good],1,1
